layout_is_quinconce,rows,cols,num_trees,spacing_x,spacing_y,wind_speed,wind_angle_deg,wind_oscillation_deg,wind_frequency,progressive_edge,sim_duration_sec,mean_stress,max_stress,min_stress,var_stress,std_stress
0,3,5,15,7.659969709057026,6.993292420985183,19.680559213273096,56.158027321032954,12.03292642588698,0.7197056874649612,0,0.8966927081346512,0.04041548913471392,0.052274725392549286,0.024868098115487982,0.00010896862664083956,0.010438803889375427
1,5,4,20,4.282057895135502,7.609993861334123,43.15658127047251,0.2803557027651582,44.727404575192615,0.57048890577663,0,1.2256497079506516,0.07108665633570331,0.09478396173843917,0.03837215743330669,0.00035965839762004876,0.01896466181138089
1,3,3,9,5.456145700990209,7.059264473611897,19.184815819561255,105.17207347267853,22.82266451527921,0.4736419905302216,1,0.5397830838337541,0.016502513158610583,0.04033385706122933,0.001763370742984582,0.0001911308164090048,0.013825006922566252
1,5,5,25,8.916154429033941,6.333814466239899,40.798212202089616,244.9107138916007,25.767473818934004,0.20795897669591992,1,1.5320811669807881,0.032163537148795884,0.07405295934235515,0.0018266471868370927,0.00048361394239413645,0.021991224213175047
1,4,4,16,5.927082512699581,4.079831261101071,21.92681476866447,86.76916776936422,33.91422315889104,0.5659979946695726,0,0.8987233750522137,0.0431301618861841,0.06680286850807227,0.0205219907813551,0.00019904390131632944,0.014108291934757001
0,5,4,20,5.955303037866204,4.9111804389403115,37.66084230952957,153.0561148168481,17.27795820038661,0.5406201966919949,1,1.3238297498319298,0.0386535179582349,0.0733659830747761,0.003908881080007478,0.0006697990637427828,0.025880476497599166
0,4,4,16,6.248770666848828,5.975751180009072,42.79976597381383,261.8179185083115,21.42892690820424,0.5422663846432397,0,0.9494415000081062,0.06186273904845192,0.08846607336527733,0.03084508766028718,0.00032021099873456605,0.01789444044206373
0,4,3,12,5.94338644844741,5.356745158869479,39.86212527455788,128.43119760969213,19.832707839058326,0.5256176498949492,1,0.7758755411487073,0.02981048937873627,0.06847236291093131,0.004210124720869704,0.0006450144424449797,0.025397134532166805
0,5,3,15,4.372753218398854,8.934434683002586,38.16734307889972,71.53764535230206,10.193274099326084,0.6892768570729005,1,0.9533330830745399,0.035077507174670106,0.08140120446189222,0.002683733418585657,0.001003255860157952,0.03167421443631952
1,5,5,25,7.856351733429729,4.3702232586704515,25.753971856328178,41.7128614290467,40.208619905645776,0.5739788760965349,0,1.6420357499737293,0.05035261565074531,0.08135965456370618,0.02250272011819816,0.0004027532166389597,0.02006871238119077
0,5,5,25,7.3442062633180365,7.329611783087484,32.738933631231816,98.8998454764231,29.64351990466954,0.42975612485227394,1,1.635278708068654,0.04658107152773553,0.09338353102279898,0.003035272289516803,0.0008806343663588194,0.029675484264941987
1,5,3,15,7.608647605824366,5.179924598744779,22.68204968283972,14.556092233835285,34.87320113900256,0.2665344924870988,0,0.9679954170715064,0.04667085392926467,0.07131877218649045,0.02864092529132973,0.00010840736948927953,0.010411885971776657
0,5,5,25,8.478817978367596,6.376851115910559,31.89826715929151,250.3857911134059,14.876600904205649,0.5626504275666904,1,1.539026582846418,0.026652251020358862,0.061937501130724805,0.001437064319237448,0.00033800586223672733,0.018384935741979826
0,3,3,9,4.384899549143965,5.44875726456884,19.83663861762013,334.69115484332633,38.28421328475459,0.5800422539062542,0,0.540233250008896,0.0229751336394914,0.031996371530604376,0.013962040669965597,4.0875028114261384e-05,0.006393358124981064
1,4,4,16,6.696711209578254,8.037200775820313,41.8827389977048,114.481250989871,13.851817358468686,0.33676109752516503,0,0.9615699169225991,0.07851014039206901,0.11121212604168698,0.052747033658738944,0.00027182132565672473,0.01648700475091594
0,3,3,9,5.523906290790145,4.823279265714708,31.022682581263258,174.53878968923397,34.23526115115946,0.3616474002791129,0,0.5158285410143435,0.05876914508646501,0.07061627180003953,0.03919530754898533,8.010942399263411e-05,0.008950386806872322
0,5,4,20,5.0938210978653515,6.790510010086706,27.115085131741225,23.361208959233362,18.887039487702065,0.34812563770316074,1,1.235386708052829,0.03523671445025438,0.06667463845395476,0.0021401973283947484,0.0005811703084562149,0.02410747412020212
1,5,3,15,4.740434649767,8.988702425244709,23.00343042825855,351.58138409975504,24.386295466138094,0.21983043974032904,0,0.8932510409504175,0.04357010124435523,0.055198545204365436,0.029068990674694133,0.0001257392779299961,0.01121335266233949
0,3,5,15,7.403527257773834,6.654672916585682,28.433494937192748,199.04151206567806,30.744385335778773,0.24851199579962915,0,0.9248439171351492,0.044680747516709675,0.05144804494449923,0.035741091959558234,2.2911461202310505e-05,0.004786591814883582
0,3,5,15,8.015698781899479,6.351503172230192,44.502694226845286,143.5767992800391,38.57511556267844,0.6790070749907308,1,1.0489592908415943,0.04928033127249852,0.09432184261759553,0.004053197686546652,0.0010008373528585894,0.031636013542458055
1,5,4,20,7.479064033954409,8.291794024068599,24.778767156056542,79.28677712359739,34.890233635330624,0.6857006276838293,0,1.2324345831293613,0.05218437076436294,0.0751609752271865,0.031261177611894925,0.00016208869044914784,0.01273140567451795
1,5,3,15,7.45468869051233,5.933676731502687,43.101899662102035,49.507539892557574,21.93732228675905,0.26808411274435345,1,1.0210357091855258,0.04628911826722561,0.13260150380815075,0.003400310719164143,0.00192874154043147,0.04391744004870354
0,4,4,16,5.289708138575778,7.299920230170895,39.51666600603647,199.87229217580645,28.537770242460226,0.345111374540271,0,1.0029574169311672,0.08262519421564667,0.11438988980451767,0.04987909376097043,0.0003716742676739473,0.019278855455497023
1,3,3,9,8.413181715946699,4.943535541706897,23.366140577765456,252.12881879019767,39.63313997834071,0.7137945751268555,0,0.6331608749460429,0.02802667160838126,0.04102738260947391,0.018737424653997015,4.1936175540957245e-05,0.006475814662338418
1,3,5,15,8.678174971104738,7.926703255569718,35.06964764142686,209.0471837171237,23.02989682966101,0.7640800654746671,1,0.9972494579851627,0.04058987052074974,0.07680298418520501,0.0037056814710561903,0.0006619587944065937,0.02572855989764281
0,4,4,16,6.743668946832931,7.459475988463466,34.55883778507802,80.73695140580152,34.92627274716376,0.3423494524980801,1,1.179899833863601,0.04219484083789285,0.09759882076528212,0.003166626450541306,0.0009250672649273547,0.030414918459982013
1,5,5,25,7.288064461501717,6.841543016677358,17.810243034842774,132.37768910139607,19.282082868860392,0.3463937860274502,0,1.7685155000071973,0.03151762433478911,0.047515589150655665,0.015957388465415306,8.527118431426565e-05,0.009234239779985446
1,3,5,15,8.460232775885567,7.1556931299863145,38.84433910624945,180.94935351786916,30.191635961922568,0.4955106162913184,1,0.9478225000202656,0.03346538919977796,0.05644798955922982,0.0026030930044158396,0.00037848730163474105,0.019454750104659302
1,3,5,15,6.8600209960459155,7.842770071531545,16.308113152633013,358.03818388704275,26.448057989683004,0.3677362050780552,0,0.9419122079852968,0.029916307486717874,0.04025305035812169,0.020588128212460154,3.741237530181091e-05,0.006116565645998652
0,3,3,9,8.641592812938628,6.140920741586571,43.999644571310085,346.903191752131,39.8553309413576,0.37666933524175145,1,0.5404122078325599,0.043845547007153145,0.09516858412938937,0.0034639377906665395,0.0013032082729607806,0.03609997607978128
1,5,3,15,5.584610025781388,4.847463733430462,31.704037873750504,337.01571869788114,34.36104288362405,0.5420367020536191,0,0.8440057910047472,0.06309129379751947,0.08050712349355872,0.046316428965647465,0.00012507829494980222,0.011183840795978912
1,5,4,20,5.793233906480819,5.270818245348694,23.858717652568163,116.11827512589619,39.703442822363606,0.2819727988652173,0,1.082455167081207,0.04755416403730185,0.06921420733615304,0.03014505105092959,8.878471573031094e-05,0.00942256418021713
1,5,3,15,5.4825507182389925,6.098904282231382,22.68620830783374,220.14493591164498,12.855796314008412,0.20311091766439207,0,0.9484374998137355,0.041418341803755,0.056818498991216757,0.028667699541191603,3.6506175745177226e-05,0.006042034073486943
0,3,4,12,7.978963347180505,8.450026709087831,25.139854705546075,135.20986295037986,13.289367894430415,0.5469680845977044,0,0.7654552501626313,0.04791736921949546,0.062185704479245735,0.03170901494773878,0.00011915698261519662,0.010915905029597711
0,3,4,12,6.713223173537883,5.432706260641422,32.724997817070324,10.980089978057794,11.307186606222505,0.6935603363957951,0,0.7145813340321183,0.06261083652415711,0.08459240811782423,0.041319066390073676,0.00016833120005379568,0.01297425142556578
0,3,3,9,8.139345018937943,5.357714579098709,43.95755491172309,164.61545818094228,39.47080762541935,0.31662802039692384,0,0.5505437918473035,0.0834079304929773,0.10516088051801843,0.0555482017203742,0.00022378502917572856,0.014959446152038135
0,5,5,25,4.691765462089007,4.663727111214849,44.08610601342477,257.25423750478274,11.437363086875653,0.43929254086687675,1,1.604222625028342,0.03027566141349772,0.0752421198578443,0.0016150529324263827,0.0005220336442540232,0.022848055590225246
1,4,5,20,5.254302636733306,4.921668371656851,17.42618899851593,154.1932109784388,34.09749652678782,0.23491615730506618,0,1.215750499861315,0.03362137629053645,0.048089559004245594,0.022592777022641303,4.24842361105028e-05,0.00651799325793628
0,5,4,20,5.1989367957870165,4.469366450406459,20.48597991321922,336.4610390422955,32.33947078451726,0.5100177544559401,0,1.1443720408715308,0.025294357331590127,0.035617721998396544,0.016202318914686344,4.915107184319937e-05,0.0070107825414285506
0,3,4,12,7.650196582809093,4.238580638458244,31.981116314822287,57.11272115129677,14.205762673197476,0.405127800029841,0,0.7369806659407914,0.04713845057123195,0.07037133628680767,0.02826016101894545,0.00019619560562879841,0.014006984173218674
0,5,3,15,5.557066546956471,8.897552643107543,20.259908096680157,6.177996659430085,36.717754805136884,0.6841477862304678,0,0.9315398328471929,0.043756705422662114,0.058391709240403204,0.02555531999004904,0.00017552198134082397,0.013248470905762068
0,4,4,16,7.248868413213817,4.240294620985169,43.47437194774158,319.2049394272971,19.13127681695999,0.20918272417423087,1,0.9783755829557776,0.05044273714895664,0.09763012647092477,0.0034312000070186345,0.0013500305485977103,0.036742761853155656
1,3,3,9,7.419818846990705,7.07925582194957,43.31674813682272,339.93057496506026,40.35196267442513,0.5818421584676068,0,0.5171746250707656,0.08695118642562288,0.11126197860082085,0.05471761453803961,0.0004655538344578546,0.02157669656036008
1,4,5,20,7.216441092211766,6.291264452457583,31.36850367947805,338.92733115954906,23.513592323027098,0.7767143382943487,0,1.2594201669562608,0.06718081658548945,0.09406556387762424,0.041416484020993106,0.0003587180161269814,0.018939852589895768
0,3,3,9,5.072945598541871,5.8862954161398795,16.16889396930701,222.57139836164143,21.779397521105427,0.5934335812284454,1,0.5549033749848604,0.0137117534539066,0.037305119356895046,0.001739966893168293,0.0001564443922078203,0.012507773271362904
1,4,4,16,5.7031228473212,5.303472641179516,29.881123628802186,249.44052912909817,22.191781155861907,0.7619888911134245,0,0.9319020418915898,0.03329600041391908,0.05704044597590354,0.0171291687258673,0.00011983673624368717,0.010946996676882988
1,3,3,9,8.837902757601237,6.739859416240437,27.704128269243558,204.667302149985,30.15736013403296,0.6389886531797841,0,0.6043204998131841,0.04752262899287533,0.06020787375828391,0.034594135904877844,7.683360546228843e-05,0.008765478050984352
1,3,5,15,6.902720061719549,8.335583036048611,31.856000764313208,85.89486952452246,33.7945672965086,0.6439452562684248,1,0.9443779159337282,0.03979901551547493,0.07840793118024442,0.002490026319708287,0.0006599643078905414,0.025689770491200217
0,4,3,12,6.671637367652817,6.482805953415388,26.688542586576105,107.14866282335191,13.499471050665218,0.23209117804842136,1,0.7103990409523249,0.023841014661527066,0.056331582905672396,0.0025430079426749736,0.0003857607308580113,0.01964079252112835
0,5,3,15,5.596568187952075,8.750309835254024,43.51821440812668,206.437639724383,32.114302425942974,0.4690673131869919,1,0.9172433752100915,0.03211969336938436,0.0671769064573607,0.004662310212606441,0.0006184785643954184,0.024869229268222576
1,3,5,15,5.063639475121144,8.730972714408452,38.43888151413608,40.84725672628129,42.58251869905524,0.7845489251206462,0,0.9456750000827014,0.07730647126203634,0.11733444924445188,0.04808353391138233,0.0003996123816711498,0.019990307193016064
0,4,3,12,7.685177783955044,6.729578850824945,36.17494451636084,348.7146998306886,34.08105035612637,0.7021783245424243,1,0.7168688750825822,0.04056736480809073,0.09451156650397743,0.002856316684986071,0.0013531140525132321,0.036784698619306805
0,4,5,20,6.130457375234705,5.112882087855152,26.899548058627555,321.0828871596396,15.131168759220891,0.5079957012154358,0,1.1686620418913662,0.05583093313198638,0.06530700879753493,0.03383109880642763,7.30331767415334e-05,0.008545945046718555
0,3,3,9,8.401799843192084,5.183425968410393,42.230811190456386,213.07994597566235,22.257638634510975,0.6249087173499199,1,0.49979083403013647,0.034959453278416854,0.08733151906790398,0.0037843480787284247,0.0008759054005020439,0.029595699020331382
0,4,5,20,6.1211100462348815,8.53177192547368,18.33592446918454,177.3450375447093,10.397377566859667,0.48119638519647584,0,1.2089629170950502,0.011518289644310118,0.02316761925498243,0.006696203197745384,3.5028630516416e-05,0.00591849900873659
1,3,5,15,7.246051510580318,7.730224396327117,32.501062952914786,346.3821174508351,23.12047028332964,0.37142725176911645,0,0.9187102080322802,0.05994924153382162,0.07799506016134092,0.040999301372359145,0.00019033305088897876,0.01379612448802122
0,4,3,12,8.816112697203057,4.0607723734490815,44.09636480122917,15.5375683022074,41.19000897943249,0.51662066545178,1,0.7045469579752535,0.04715613270943054,0.13219435411044034,0.003456319799496405,0.001954262189298234,0.04420703778017968
1,3,5,15,7.477055615533238,4.3771727354488466,19.98646295727759,78.05127837113685,20.307288139380045,0.7974988250176225,0,0.9888392081484199,0.013824388471939631,0.02776954816964671,0.0056602214299849,7.66130808910432e-05,0.008752889859414616
1,5,5,25,4.227231901707289,5.4048159479611515,43.512344522296765,320.4949622007299,25.947986347499953,0.5720795586809221,0,1.7211255840957165,0.08032084409044674,0.12291297182334208,0.05498554523460311,0.0003189003274295846,0.017857780585212278
1,4,4,16,5.146973728524748,5.329689624821195,25.810352856158048,93.58195062753457,25.863429639009087,0.2193895706657903,1,0.9659772079903632,0.031730216185235444,0.07069767451402882,0.002305055182834042,0.0005314518786781976,0.02305324009067267
0,3,3,9,7.4236558627693965,4.813084696724457,42.32781553481527,296.1134074523408,43.242996965217344,0.635431705033016,1,0.5759227080270648,0.03715842894650672,0.08891370150619071,0.0032995436289906203,0.0011559874841447662,0.033999815942807196
0,4,4,16,8.663642416770067,8.330319447502042,16.356560103185682,9.492110819010723,23.176217840731734,0.6863319984690999,0,1.1577685419470072,0.03052521865737165,0.039056880614107406,0.020637143393108764,3.9300505291362605e-05,0.006269011508313141
0,3,5,15,6.970653576760675,5.904454283155108,44.0974319344381,303.1628123288551,39.341504664889825,0.4812158958769822,1,1.0477956251706928,0.0698074522168656,0.13418969471038897,0.003482342511192211,0.0018925915832782056,0.0435039260674046
0,3,3,9,4.281877483254636,8.323611881275266,39.387030273902326,359.898362383007,44.88228929758669,0.5332590233615765,1,0.6918990418780595,0.04423225903082028,0.09995880230698108,0.003096246991788452,0.0015694309340288704,0.03961604389674555
0,3,4,12,8.248236953387057,5.236740508715989,28.516324059302807,46.497389454538194,43.39178595405528,0.5637047806705281,0,0.8929788339883089,0.03779804780175772,0.05000107864858546,0.02378952244450215,6.0254623698928315e-05,0.007762385181046372
0,3,4,12,5.790813590164203,4.567787960998145,35.147195867783985,187.31077232536558,37.03114371074738,0.5120981006671961,0,0.9340500838588923,0.06389069085892916,0.07890470615526267,0.04414764278818148,9.719905216269585e-05,0.009858957965357995
0,4,3,12,4.442041116828233,7.959089197348165,32.69867691412908,172.81654812665104,24.71875225327763,0.6708009583665858,0,0.9231361669953912,0.03511921541287872,0.04302193194985417,0.02133510117274599,7.584239509994404e-05,0.008708753934975085
1,5,5,25,8.515755293383132,7.08631856048646,44.41388175277134,218.91162583507867,32.28255125677989,0.5328893651253355,1,1.663222584174946,0.06543276471604359,0.1396434408691455,0.004110273846036103,0.001821317299498097,0.04267689421101419
0,4,3,12,6.569947445799054,7.918265063705715,26.896283469638107,223.95121208203446,40.18272980613608,0.7697123741945854,0,0.777322500012815,0.056507142406273136,0.07621430132178995,0.03377208148959535,0.00018043579192596627,0.013432639052917571
1,3,4,12,7.844588706576987,4.331179889259329,16.37583799213899,223.49004639195286,22.159469287889497,0.32547847464710855,1,0.7168439589440823,0.01805495147552973,0.04105641924833037,0.0015751666390479814,0.000177952879764188,0.013339898041746347
1,5,5,25,6.6863170835703505,6.30059579491786,32.54298317847461,144.1081760077013,34.418365079392615,0.30804036340957913,0,1.5566226670052856,0.07169403858174261,0.09119426865776298,0.04108760469079091,0.0002312786695508408,0.015207848945555739
1,3,5,15,8.371588024272086,6.576180274321055,44.19331047810313,216.69674239474568,17.83471730672122,0.6930743821066696,0,0.9867808751296252,0.06925054502526468,0.09894942192376499,0.055796811305956776,0.00019780989659626066,0.014064490626974752
1,4,3,12,4.159023407425826,6.743576546037043,31.03270511197569,128.156934337915,41.2976042013574,0.27724903897978637,0,0.7607042079325765,0.06628288965632682,0.09587901871265693,0.03918088919260001,0.00041790029007706607,0.02044260966895044
0,5,3,15,4.4614529311437305,6.405726970281466,35.63354151288249,184.19652487701404,15.49421889506678,0.4263715791452436,1,0.934637791942805,0.023110618301994627,0.05358902280686399,0.0025562684668131034,0.00042956318813819084,0.020725906207888493
1,3,3,9,6.986390411277153,8.931284979334075,31.097719379619974,332.65503327867594,18.264078659109153,0.6559732453625514,0,0.5049729580059648,0.06326463209770976,0.09755232469961415,0.03902092987984566,0.0004917556441181807,0.02217556412175755
1,4,3,12,4.311706812556207,4.738695459531133,18.993507857624348,247.3795819451992,39.55542354217701,0.6497697392051525,0,0.7415622079279274,0.02667589309407628,0.03933190384627745,0.018412324414083664,3.972010173500844e-05,0.0063023885737875955
0,4,4,16,5.770733353965627,5.9858191625204125,18.146074995974427,265.4658741937749,16.379935746658532,0.5383790552113019,1,1.0055386670865119,0.016120272468887288,0.03892126090672191,0.0007551979837611163,0.00015219538856502525,0.012336749513750583
0,4,4,16,6.676677820077618,5.166082057749006,25.287805928347808,170.6291789150002,22.428650614775666,0.5892937041749456,0,0.8234725841321051,0.040916694586796594,0.05660688050471831,0.02131483440303346,9.651307690071965e-05,0.009824106926368405
0,5,4,20,6.934205590104396,7.72719737092165,27.94978638689038,45.928909006402954,19.932156702955357,0.4178493778391811,0,1.2567161659244448,0.05911783662836784,0.07972137420181112,0.03529719673459936,0.00016966687376052575,0.013025623737868593
1,4,5,20,5.780483629489231,8.932576243964899,33.173244580706616,85.40164502495801,13.562386541714131,0.2917154835105992,1,1.1008649999275804,0.03277194287351392,0.06407419404233687,0.001954522291596105,0.000437643949281643,0.020919941426343503
1,4,5,20,4.43943812270072,8.029324433705717,16.66960468070926,303.2330527073454,11.80724172560795,0.21094548885701664,1,1.2696674999315292,0.013657497074264679,0.02906875120185498,0.0015831935077693013,9.204704475622208e-05,0.009594115110640589
1,5,4,20,5.989277995228708,8.847352166376844,40.96521377681941,294.1459455417408,19.026598946572893,0.30253255243403954,1,1.2933379169553518,0.04842368214609965,0.09912733749746472,0.003228057724927785,0.0013554922761349936,0.03681701068982914
1,3,4,12,6.783814465069649,6.858063447349499,23.399372809808526,277.01745594909727,16.546531199513318,0.39420754184254625,1,0.7272162919398397,0.028110736377468835,0.06444896477046932,0.0019357079370921676,0.0004500011671126681,0.02121323094468799
1,3,3,9,6.649200115905583,7.536150478222223,38.033385043285165,31.42446465228316,27.713638472577145,0.7592086053541606,1,0.5187420828733593,0.03451277413862421,0.10701866708773068,0.002991201592847331,0.0010691700108562503,0.032698165252139914
0,5,3,15,5.84615240754948,6.271339861095498,31.458093538144595,197.61191276003183,17.060566181558254,0.6107429287279,0,0.9345614581834525,0.06778084368946523,0.09712760399044457,0.039553055210685535,0.0003798265147010484,0.019489138377595056
0,5,3,15,4.013554497071649,4.583480320708406,29.194986031556766,218.19667718010191,37.800130748826184,0.26401955006806166,1,0.9429402078967541,0.026172808408908007,0.06872908984004415,0.002571713299640804,0.0006201213511440061,0.024902235866363608
1,4,4,16,8.664690335499774,8.954647382286954,21.150054301597116,136.52229058696815,42.42572982563989,0.6329579304507663,0,1.0075095409993082,0.03729195656284979,0.046189215830228635,0.026404760035687393,5.2059727101845e-05,0.007215242691818827
1,3,5,15,7.976336559299451,5.008136600238723,19.909678285971136,59.13568725515746,38.51011520809838,0.5991183324177202,0,0.9485103751067072,0.021635046366286124,0.025216424290431628,0.013303524391678426,1.5144579633527178e-05,0.0038916037354190082
1,3,3,9,6.941533378975284,7.414910317085662,28.558458038971178,256.96168374791733,41.48836058522606,0.5744609265091026,1,0.5454500829800963,0.024590495924076344,0.06061382003546851,0.002307443572923977,0.00044520021213206054,0.02109976805872663
0,5,5,25,6.887431354530628,5.7768122590919795,26.74446330604506,191.46869268774265,12.331668933678595,0.3374152345548778,1,1.6068254159763455,0.04146662689585378,0.08413496694483717,0.003784525450644921,0.0007433495610024944,0.02726443766158573
0,4,4,16,5.664078929562422,7.652745684046507,35.81152822210015,60.02307359761794,40.75201903807034,0.49725417584237946,0,0.9366495830472559,0.05629331067958526,0.07169084610193799,0.03797764860504903,0.00011529975728974472,0.010737772454738679
0,5,3,15,4.758374398663756,5.558610338977741,22.454674194433974,267.8206653261637,11.17363521575228,0.54193381092279,0,0.896175832953304,0.027197843038139536,0.043427186232168964,0.012309002812774446,8.696217395948551e-05,0.00932535114403128
0,5,4,20,5.710408743579538,8.106286523360064,18.318952108656216,304.7228250244265,14.462103181619385,0.4383723743362204,1,1.2501389170065522,0.023498793325483748,0.04698616944381357,0.0014384392710701376,0.000330320881275621,0.018174731945083015
1,3,3,9,5.146256976163207,7.611262841965331,36.60109609638223,230.81314783870704,34.2881955563485,0.5256346660085578,1,0.5279743338469416,0.03016504370378144,0.06962814356642469,0.0034805301264903433,0.0006133236701683918,0.024765372401165137
0,3,5,15,8.795373972820139,5.712621285892717,21.82052949089961,152.49487047137384,20.077536576650413,0.5689701578915928,0,0.8646488750819117,0.044479828035369526,0.05649036656571987,0.027573871397894915,9.135873282884218e-05,0.009558176229220833
0,4,4,16,7.057271177173239,4.090550919104203,41.16371726832455,335.56258169410046,29.77966142562231,0.6179904943261354,0,1.0430837080348283,0.05946915525216676,0.07580426526057378,0.03440390463269066,0.0001609952615151085,0.012688390816612976
0,5,4,20,7.85623334259869,5.87217684860211,17.067646181016563,27.835583575963412,13.648643811813333,0.7042637791882539,1,1.2814534169156104,0.012957446891383992,0.02761314321114864,0.0013477570096615383,8.557180699292199e-05,0.009250503067018679
0,3,4,12,5.179530172975406,4.827602551836449,20.58962638482362,301.49668404089715,21.625124442922864,0.38686655842738477,1,0.816696957917884,0.022172265289175704,0.045617204793217805,0.001621581561988025,0.0002846457679402085,0.01687144830594601
1,5,3,15,5.896528491927744,7.721248259216444,21.167394251269126,283.6043599372173,31.130253610554863,0.26856038003341265,0,0.8850461661349982,0.04313233817076132,0.05908613307476657,0.0275254689254287,7.887104196561486e-05,0.00888093699817845
0,4,5,20,8.614801158992424,6.328500611594066,29.425109342672208,330.6437009781484,30.547387844779852,0.21970800214606304,1,1.2002973339986056,0.03865170498978039,0.06346653322489727,0.002323998623415064,0.0006188478966705425,0.02487665364695466
0,4,3,12,6.4918388636973985,6.094627247522739,42.445377032043,130.46180368198793,30.32059225973152,0.5793585727517183,0,0.6958550410345197,0.09036851236770597,0.13406296585787397,0.05362518634314959,0.0007496386845601615,0.027379530393346077
1,3,3,9,4.890179834348757,8.805351587347277,19.45988183259339,149.26468454172854,12.987238382752535,0.7981245511075685,1,0.503727916162461,0.012894690827922071,0.024240516094810666,0.002542849379327354,7.640573546020375e-05,0.008741037436151601
0,3,3,9,5.9865905772879895,6.133944526683747,38.99346066222808,125.77931965775988,26.388113995448276,0.5749855922306314,1,0.5187897079158574,0.029712976911898354,0.0632796277069949,0.003858270088584271,0.0005086682271890855,0.02255367436115644
1,5,4,20,5.470223396104858,7.570295998949141,30.829431904343576,192.40412085260888,26.838078193565508,0.49820716929274944,1,1.314398624934256,0.020331281808689344,0.045310054620739185,0.0021112185414584195,0.00023936143325908912,0.015471310004621106
0,3,3,9,4.377516819019446,7.766231103737255,23.169055641608985,323.0749475347983,28.43024633307528,0.6804498628916728,1,0.5533912910614163,0.014870975313077985,0.040762311832152814,0.0018256574630997311,0.00023655116763959783,0.015380220012717563
1,4,5,20,7.294619709550757,4.135479962517417,21.659164857988483,83.1869267717057,33.516246025955496,0.2118263226526185,0,1.2248772911261767,0.0392285755510602,0.06753384647769063,0.018215268317658174,0.0002390418458005611,0.015460978164416413
0,5,3,15,4.892723310271668,7.263730539259374,22.145483431401797,35.79890139336426,18.511026684980894,0.6333601591133956,0,1.0009918329305947,0.038706548878771604,0.04887522503734539,0.02764319589708051,3.586839458091067e-05,0.005989022840239522
1,5,3,15,4.7054092438885675,6.03196154136761,24.719701833203988,31.293005382125756,32.16342712188362,0.6415427679176015,1,1.014388957992196,0.0214628176260269,0.06935802488680871,0.0019307896891766737,0.00038352124790156386,0.019583698524578134
0,3,5,15,6.91520780484846,6.10712275296249,41.780151332309245,294.2796822258387,21.963607309425658,0.35565406005877553,0,1.0447496250271797,0.07366883568456166,0.08760167043477371,0.05279622658219964,8.122192137128252e-05,0.009012320531987448
0,5,5,25,5.340318204114381,7.1207445392456705,27.282349565737213,198.7369851067129,25.264428519736086,0.37667945572515066,0,1.6101533339824528,0.05840190563228667,0.0820708242569025,0.03436538798862117,0.00017588995573432454,0.01326235106360575
1,4,3,12,8.342339879489565,6.437155991247568,41.836566806822745,287.9478921410335,24.88247265642317,0.21348158499207046,0,0.7314200839027762,0.07873869816936428,0.09869628816990969,0.052824596864766864,0.0002193996050246594,0.014812143836212885
0,4,3,12,6.012750217984903,5.0901155374704325,34.351625033079884,151.81341643918145,14.629667389386563,0.7403433807418315,0,0.7327278750017285,0.06083869627815606,0.0770641383257387,0.03773209667832244,0.000144916246132977,0.012038116386419304
0,3,5,15,8.11291937955837,6.648308393275405,39.451632852073715,179.31267126396207,12.351138997049853,0.4431488528166133,0,0.9027495000045747,0.06546840258875122,0.10002520713497387,0.03298569963364375,0.0005300861155593372,0.02302359910090812
1,5,3,15,4.054979143292402,4.684428150344036,42.00055925544315,314.6004279225055,30.90945857596079,0.5603101162601921,1,0.9152971250005066,0.033036947397700786,0.09054661144911684,0.0033159908024874086,0.0010016532358542135,0.031648905760771784
0,5,4,20,8.5720597296248,6.093852624460365,26.494155847484922,186.81037390182152,11.643808837126926,0.29977002125364766,1,1.2736255838535726,0.03320867933745176,0.07644755236320425,0.0033608314430367166,0.0006569379961868013,0.025630801707843657
0,5,3,15,7.015760547331941,5.226745548406605,26.678868421259295,103.92974523745195,22.44854507627322,0.6314275431105474,1,0.9253378747962415,0.025921616809708385,0.062278290673823636,0.0025078810537311896,0.00048099665188323974,0.02193163586883659
1,5,4,20,6.380252010995498,7.3183558268132405,43.10489217974274,263.72595499569013,17.52291325067649,0.2187098810367708,0,1.4212034170050174,0.06966982749509985,0.10444141645520223,0.03477807784965017,0.0005278840300660779,0.02297572697579073
0,5,5,25,8.232039246572786,8.776181563617396,19.640164226497088,224.39971832579667,26.598305804512936,0.40663023922653996,0,1.5806361250579357,0.037340632413070896,0.04664003263518744,0.02481870784086117,4.394960573520428e-05,0.006629449881792929
0,3,3,9,7.5246277484447655,6.991430291340773,28.790445382833934,27.33602773306395,12.721787042763498,0.20140363437546696,1,0.6154822499956936,0.02332688600524233,0.0649300334411656,0.0022735107993693167,0.000511008656672382,0.02260550058442374
1,4,4,16,4.515468730068724,5.5729827840470545,39.22290755450284,346.35556287508234,37.650474557714965,0.6143361394673844,1,1.0881747920066118,0.05865897726230552,0.12317376687970641,0.003079344171992657,0.0024178366196204028,0.04917150210864422
0,4,5,20,7.661124432047806,8.032805739307248,34.76350100132152,249.21956322642689,39.72184780478617,0.3498008053155116,1,1.3524446249939501,0.042581769768687744,0.07381940452927417,0.0027444936864414724,0.0007416717321188425,0.027233650730646496
1,5,5,25,8.938340039983235,8.720296698433067,16.182804341055178,254.00706210564783,42.3836911095483,0.3083452070764001,1,1.4076316670980304,0.0231037367542688,0.04409209020607662,0.0012770637040005963,0.0002251806420150373,0.015006020192410688
1,4,5,20,4.169729892928994,7.4871013362342,23.920470221176522,332.78263033555095,43.987038580787875,0.7665598934680604,0,1.0704278328921646,0.04914069492541075,0.07060973851626495,0.028832222181837872,0.0002252864553219996,0.015009545473531156
0,4,5,20,6.275718425180781,6.612172880355844,34.33639951877466,234.06024615956213,22.764403731005704,0.5364063164021085,1,1.0698532918468118,0.04614437350546856,0.08541986542505296,0.0032741725423669227,0.0008603397924912637,0.029331549438978904
1,5,3,15,6.651325663174501,6.205160808740808,27.134563490455523,206.07399339604765,38.139194279031415,0.5230408942284726,0,0.7938699591904879,0.05406511245083634,0.07238011957483333,0.03402933045930559,9.88191544786447e-05,0.009940782387651623
0,3,4,12,6.600840549393659,6.134085283274322,41.29996133587348,150.30219025004118,26.167999770145567,0.7942047880050663,1,0.7907414580695331,0.03452034946299472,0.06205521341517876,0.0035194094349260217,0.00048217455712713434,0.02195847346987341
0,3,3,9,5.919819449598629,8.662949547126264,17.10089117242413,3.414756106259307,11.843934259203001,0.25312604636817093,0,0.6063693328760564,0.019369217796043822,0.023683407958247422,0.01367308409394647,1.406087982932743e-05,0.003749783971021188
0,3,5,15,5.991436919878177,4.458496675557151,25.091113914852663,188.1069089884283,35.629513251462576,0.20200781722578753,1,0.9880633340217173,0.030867849373384996,0.05531780380428788,0.00267366636174109,0.000349608548125935,0.01869782201557002
1,4,4,16,5.48154060227995,5.168038755249549,16.262795689090858,6.434616504028972,44.570283640761104,0.45666388024151744,1,0.9601182921323925,0.01815681073215415,0.04203868397790163,0.0012822251711564865,0.0001967155511860586,0.014025532117750776
0,5,4,20,7.989946610716917,5.2949132580090685,32.65662686919736,353.63898542882936,40.9469642346026,0.5604790678653189,0,1.1789777500089258,0.06447386855872603,0.07493561311718433,0.04125291114745615,9.635708525202567e-05,0.009816164487824441
0,4,3,12,7.716764114468121,4.32493204741447,27.047407092764622,301.61726470196834,18.069921853175664,0.6983855106503748,0,0.7295368330087513,0.0555421386677706,0.07874004189927893,0.03416267947482693,0.00021713353387477975,0.014735451600639179
1,5,4,20,5.920453057456248,4.183659687133068,43.71810788949977,297.4340504858277,38.026939049545625,0.5778667537976919,1,1.176903957966715,0.05139499057155113,0.1124113453107522,0.00345232648001079,0.0014138685195082992,0.03760144305087638
0,3,5,15,6.986370362151705,6.625157504301341,22.80700103854582,185.48925275330132,27.19152193040193,0.7978014654840346,1,0.8571608329657465,0.03314218191785502,0.07067350062716732,0.0029617285449464355,0.0004910869990774287,0.02216048282590947
1,5,4,20,7.114686914675594,7.739358020461142,16.04595480701475,322.17171884202236,40.10443857462733,0.47445925866422445,0,1.2289977089967579,0.032189304684817836,0.0410906379649678,0.02027682392453371,5.526170487453201e-05,0.007433821687028282
0,5,3,15,8.443740399344886,8.778257491148766,40.86382851796352,291.4257869009561,32.93346932236576,0.5305144223654836,1,0.9200295000337064,0.029693402519600363,0.07266590132393942,0.003210041537958484,0.0007945491087334651,0.028187747493076936
1,5,4,20,5.298768918801631,7.6171005684429245,29.876272052363124,29.176637726753256,17.706412068243395,0.6099552581957576,1,1.2578851669095457,0.025930644174175697,0.05431294144329732,0.002348222025614695,0.0004301120481454769,0.02073914289804371
0,3,4,12,6.475732635069871,6.40293288663324,32.772233539785525,296.8851477330537,22.173322276576755,0.6068096915354382,1,0.7479557080660015,0.029324847256368,0.05461202069006527,0.002577757604867621,0.0004351367493681229,0.02085993167218251
0,3,3,9,8.39314993177579,7.98713010803464,34.75355503975276,306.2094224739271,40.35529703359308,0.6250177860290209,1,0.5414261249825358,0.034637272904210537,0.07965964431310052,0.0027195621888426685,0.0009682054261737562,0.031115999520724965
0,3,3,9,7.400703858801502,7.093056891075921,37.58149918672924,57.09783790550653,40.83047657196249,0.7231061166471393,1,0.5190165000967681,0.023442968732457097,0.05992439994199143,0.0018301187299520638,0.0004453949180741343,0.02110438148996872
0,5,4,20,4.644349337367226,5.67559427129571,37.30524768874823,57.873562577390956,38.628845844167174,0.6992805067746453,1,1.263080250006169,0.03777120908708558,0.08697085355711208,0.001980842149861058,0.0007881078228315159,0.02807325814421112
1,5,4,20,5.435190665874564,7.084634591878711,44.435585340822705,227.4528697260006,19.093125337245592,0.5804034218597669,0,1.2203859169967473,0.08945076581281633,0.14034055421971028,0.056136221687884125,0.00030219630471044364,0.017383794312820305
0,5,4,20,5.416714741327908,4.092138593691088,27.96722351677537,302.44374098683875,23.725292400581882,0.30769839405430005,1,1.2101425000000745,0.031811310757452686,0.06477431405789376,0.0022067514410369837,0.0005178722519004243,0.02275680671580317
0,4,4,16,8.73648944128169,4.831887934661362,38.12952877596407,255.08592165694657,26.575086095228098,0.23475227633527898,0,0.894118791911751,0.027158438191723488,0.04817472790302774,0.015103276736170413,0.00015638503467279097,0.012505400220416418
0,4,4,16,8.950741863753235,7.380261285933772,28.378749210309643,233.12651162468674,30.803855072999085,0.4301673562433731,1,1.0328635000623763,0.030435072069233005,0.07385508171884947,0.0022343545032692995,0.0004986523447170199,0.02233052495390603
0,3,4,12,5.859167646193623,8.093928216785468,22.57526249065147,0.3706127444280227,15.562839914686478,0.48112365006115065,0,0.745635624974966,0.030911417172787666,0.0507035619290257,0.018038816231677628,0.00010260429075708559,0.010129377609561487
0,5,3,15,8.27104887230783,6.63512048105931,39.7776229739969,107.41479515639735,39.39815076353651,0.6636936680100828,0,0.882516625104472,0.06338247039846366,0.0724316563179016,0.05000135868329424,2.8855687462130937e-05,0.005371749013322471
1,5,5,25,8.340271612661464,8.816183267200659,15.939069412425487,263.2572241105268,41.83335788317364,0.7144160552554992,0,1.5784207920078188,0.03161379569783334,0.04363988968645208,0.020141896219993856,3.824604845972116e-05,0.006184338967078143
1,5,3,15,6.2114938119045515,5.559759952475652,24.622282213143823,260.7921621410821,36.10429542108375,0.3202154861292276,1,0.9904212080873549,0.02402103122196656,0.057816230834258395,0.0019221055661187304,0.0004325956531320539,0.020798933942201316
0,4,5,20,6.357662300512564,6.716164028949791,19.777372148377935,73.33244973945871,13.19075716421671,0.29219482289666765,1,1.2212452080566436,0.0193289188299897,0.036822274166145835,0.0008263874609385312,0.00016458033266239817,0.012828886649370558
1,4,5,20,7.131101608157077,4.656224388411938,15.975785384737557,331.5052252136473,31.58276100822583,0.6779223745857059,1,1.1847621251363307,0.020102229413007665,0.03733178462763107,0.001445840175187949,0.00015910592732882133,0.01261371980538736
1,4,5,20,4.625928961012752,7.427826436144857,27.909176846983883,72.18890161212121,27.20580913595029,0.23852536224508047,0,1.2936309580691159,0.04129840014961967,0.06234774725370276,0.022091776585129667,0.00012702910064786937,0.011270718728096686
0,3,4,12,7.987795503185941,5.551809794617869,28.656604472454035,4.183394366916229,12.535641072809561,0.4354961338440109,0,0.6990917078219354,0.04742570329611196,0.05698213348184157,0.032341496302736604,6.20463791173272e-05,0.007876952400346672
0,5,4,20,5.458312893546516,7.474909430632713,40.80367191567614,280.74635600160593,11.3866588871925,0.4883041683546974,0,1.2590234579984099,0.0966431953654006,0.1288135166464815,0.05152540665859259,0.0005015651276695075,0.022395649748768343
0,3,3,9,6.854522509220821,4.0918381847027,29.470691446547747,75.7258487707927,22.110579867569385,0.6654828414757737,0,0.5145468330010772,0.022148563866770898,0.04167549429531046,0.00866603074391658,0.00017077072223117801,0.013067927235456203
1,3,4,12,6.671211029882226,8.412667429098,17.475256033212638,296.82505688286017,22.523047282489497,0.3932568213316012,0,0.7255647918209434,0.030499279618914982,0.04360879978184919,0.022053187502662115,4.907483336594287e-05,0.007005343201153164
0,4,4,16,7.465969704113404,8.107203640049333,16.23550485837815,241.3387650075884,43.304249102436444,0.27453198003683565,1,0.9065666669048369,0.014866829053696462,0.03375021899708247,0.0008589114446591464,0.00013042227048294831,0.011420257023506446
1,3,4,12,7.08302290931237,7.06472087432803,23.965076590119416,336.6726535078055,43.157266192086354,0.5751827961283688,0,0.5812600001227111,0.04811239658109872,0.06495512662904528,0.03028247502843177,0.0001418962694427309,0.011912022055164728
1,5,5,25,6.421992237870203,7.304100591496254,31.590043577758752,215.09131054749483,37.434139369660166,0.488542298869391,1,1.6355715829413384,0.04412181301760984,0.08167825292808839,0.003342387778237226,0.0007636351697102341,0.027633949585794536
0,4,4,16,4.4081499101529475,4.301760419952819,22.41309702030439,57.4360848407478,40.512424830727056,0.3315283924148266,1,0.9876839171629399,0.01844640802273515,0.039334876719438513,0.0009162919823969987,0.00019380440884908624,0.013921365193438688
1,3,3,9,7.948492535712395,7.29353887750438,29.94587149359417,199.93087833754726,35.17206223952923,0.33707284479877925,0,0.5337682920508087,0.053893569056900154,0.07291589506276992,0.03771774743800621,0.00013674443487006764,0.011693777613332129
1,3,5,15,7.251628431734685,4.997712254645726,35.40684727293874,25.991427232503305,11.072837577203213,0.3546097331067282,0,0.9253501670900732,0.061786879988754366,0.0939297649123387,0.04474116608640677,0.00018689333054185616,0.013670893553160897
0,4,3,12,7.63584534883154,7.713532605999905,27.76480003344226,124.53659731690665,22.986356704461095,0.7925897382416348,0,0.7218336251098663,0.04678200961678309,0.06545092856357007,0.03464789967869216,8.939193952537659e-05,0.009454731065735111
1,3,5,15,6.893377042861967,6.193077095947952,36.757729812454095,175.20081891289303,40.56981333285812,0.7404211184067552,0,0.913428041851148,0.055388487375991106,0.070591760132069,0.037581386303448164,9.883695327170918e-05,0.009941677588400722
0,4,5,20,6.961751642966811,8.561816728083455,21.319865670169996,224.2679700828538,32.104607703238216,0.6398678134491687,1,1.1724942091386765,0.029976473103177432,0.05908478838271008,0.0019281715826165971,0.000372777093125663,0.0193074362131709
1,4,5,20,7.162702666131531,5.864243185944672,30.378456156174156,148.69122287317091,12.41964751653168,0.462299233290096,0,1.2703855000436306,0.030446989227292925,0.05634540992570328,0.015646350598350206,0.00017345551459271638,0.013170251121095466
1,3,5,15,6.964591999158909,6.8970744967175035,34.87863837024961,34.29414286366546,32.82431359356533,0.3872888340178683,0,0.9069826668128371,0.0647550912534021,0.08475244883105253,0.04395610439786505,0.00016435291253983245,0.012820019989837474
1,5,3,15,4.045152020647751,6.9420631667030275,32.96141940300323,142.79751948368232,18.295974998791767,0.3408044229569307,0,0.9589489160571247,0.05977822379813667,0.09125469300035335,0.03542003590558736,0.0004389329082668665,0.020950725721723018
0,4,4,16,5.654446814945859,6.243887869157016,35.08171204378084,52.472364568110606,25.73018423248082,0.5527306226662322,0,0.9090687921270728,0.07405600674726837,0.09060244092114791,0.04428413490927699,0.000250372675066157,0.015823168932491274
0,3,4,12,4.838096081441588,4.183357134667715,37.09206045196922,238.96962994384984,26.612080651243485,0.7065022693815184,0,0.7412125840783119,0.054618917132725854,0.07709132065547376,0.027391218271966694,0.00018907543237499228,0.013750470260139916
1,5,5,25,6.790701247969315,6.699529197511063,16.025632978174745,355.2094729285782,14.303978298536935,0.338678547456588,0,1.4998948751017451,0.035546374287940524,0.04582889144628694,0.020195210557029098,9.104674832629249e-05,0.009541841977642079
0,3,5,15,5.1235058848634,4.900052187363618,17.65666752669724,37.19122456464564,30.463474515490606,0.6129247195199573,0,0.9193826250266284,0.035939006935213506,0.04571986450646066,0.022187685945593717,5.0393726136373364e-05,0.0070988538607562116
0,4,5,20,4.024699904672048,8.759058927116195,34.17359813446501,312.450586027208,25.91589494718507,0.5093576171475502,0,1.3069771670270711,0.06470762457061172,0.09370031917057357,0.036332103418476994,0.0003753566766607699,0.019374123894018276
0,4,5,20,4.14986794936339,5.539649707955954,36.1404228820994,72.66724276426142,33.570135166372104,0.7819472276643623,1,1.2309328340925276,0.0432585322922276,0.09383057787080488,0.00338779140657215,0.0007496027146952089,0.02737887351034021
0,3,4,12,8.340711271887526,4.885748947236929,35.778778566784936,301.7215042733197,43.061497681590815,0.6099488169737876,0,0.7569308339152485,0.06596656035680616,0.07583034181656642,0.04499444859003418,7.50991050432663e-05,0.008665973981224862
1,3,4,12,8.34452492239359,6.853048733194148,15.911611790905106,335.14153038251203,34.13343628610464,0.605908031466348,1,0.7116700001060963,0.019860795664017664,0.04007964804333223,0.001378286087633451,0.00021002291067504387,0.014492167218019667
0,4,3,12,7.334857584954537,6.885926183558741,25.457210017259115,57.34348028740985,31.17338729416893,0.39086693217087176,1,0.6957632079720497,0.02154341652447655,0.06199614746648266,0.001844121863464209,0.00040232249838636613,0.020057978422223066
0,3,3,9,7.911927420291367,6.835081304933339,37.153476277539795,316.26560206848524,24.144911257786156,0.39621989693794324,0,0.49551383312791586,0.07452374421701075,0.10904332367190356,0.04690983089384957,0.0004456551363725893,0.021110545619964192
0,4,4,16,7.811425673883079,7.989068244293172,28.06749944438799,294.4203178230078,14.207316937971296,0.5266934587765097,1,0.9044939999002963,0.033180084077481756,0.0662102415978324,0.0022024448846871157,0.000619022699025103,0.024880166780492107
0,5,3,15,5.832307674356989,5.980863458046277,35.864016200695865,139.88091645732447,25.704276791788573,0.3425264785245965,1,0.8959313752129674,0.028764529864508538,0.056386827144875896,0.004219706102438847,0.0004174685770783682,0.020432047794540033
0,4,4,16,6.935308538505755,4.8422219257135986,34.27727906841569,273.36395805223174,27.515585819575954,0.525418198987843,0,0.9825281670782715,0.06305362559900854,0.08404356030441,0.03785712944861227,0.00024654326807446177,0.015701696343849658
1,4,4,16,8.57118257975735,8.068831441597933,18.267550255401943,53.63706814927009,28.431832904413586,0.34764179527879896,0,1.041286916937679,0.03606696337894391,0.05000829666317663,0.023068088379403683,6.815702140081418e-05,0.008255726582246664
0,5,5,25,8.064928693580468,7.590615381132472,43.66571087864804,6.563729763490187,16.852229498924114,0.20453772498688527,1,1.5919488749932498,0.06879068450470617,0.11845570946109404,0.0034486890391997637,0.0018389025151837322,0.042882426647564295
0,5,3,15,7.273465407156741,5.900372544686027,20.91462379718632,172.50596259969598,16.809541311485535,0.2997989646458853,0,0.9105341248214245,0.02496289488240346,0.03238404555926217,0.013138307579109427,3.347004226851514e-05,0.005785329918726774
1,3,4,12,5.536449824631433,8.015129489163318,31.174838300257633,112.07077169616132,31.361682415882143,0.6296904045339162,1,0.7755210830364376,0.02658444447295406,0.048677426676395553,0.002918226441829322,0.00033593123272914263,0.018328426902741616
0,4,3,12,6.612405202580591,4.61611327086083,40.782473798417676,287.9211943526478,16.460479533796153,0.3771669735321861,1,0.722588666016236,0.040443886350745306,0.11641877067659966,0.0032101403490066346,0.0014778433763662096,0.038442728523951177
1,3,4,12,8.588762445856887,6.122637125981809,17.61116887762976,293.6695116615411,23.072838906343566,0.5158995164922686,1,0.7965400000102818,0.01845820258550533,0.03970949816783134,0.001380746284955844,0.0001866551013486499,0.013662177767422363
0,3,5,15,7.189926028966489,6.575875851668658,32.806157073694415,285.7477861369859,32.631206969800104,0.3048640656964263,1,0.96388154104352,0.047551677622217105,0.08789079627843001,0.002586863033893061,0.001017552331345021,0.03189909608978005
0,4,3,12,5.18435279487241,7.9026275762193094,23.24418106644408,296.1411546649242,24.8308388777067,0.6005299395748823,0,0.8041050839237869,0.04845151357099405,0.06814421034765702,0.029291129984235702,0.00017962331357169388,0.013402362238489672
0,4,3,12,6.11972406456651,4.764919004142813,22.057067544059546,312.9334648743789,26.551218797161376,0.5212148611055966,0,0.7760937919374555,0.04572204955749896,0.05727890738244064,0.027645077912397373,8.692311396663373e-05,0.009323256618083283
1,3,5,15,5.151230842139349,5.030930822592132,34.138823799479106,92.47818515245733,32.120542010714644,0.23507276846513236,1,0.9723677081055939,0.04873659400439925,0.10531837423505319,0.003360635602929025,0.0010561754958106262,0.03249885376148867
1,5,5,25,7.475722770237969,6.021593840521461,27.84598844776844,258.33519563694347,34.235265296352935,0.794753596221313,0,1.6015605828724802,0.04958927502883613,0.07792535422305923,0.026827656297762743,0.0002202096914506713,0.014839463987983909
1,5,4,20,5.686135663777102,8.52762396164837,38.178681823481476,95.36236100522403,32.58514431340009,0.557450436913374,1,1.301939917029813,0.04534563822427366,0.10242687249323128,0.003013570044427266,0.0010145911416055645,0.031852647324917355
1,3,5,15,5.71780237387852,7.085778916978234,28.272298094420087,299.47072077051195,33.43609156468867,0.2419589634256605,0,0.9268766660243273,0.04119116957954986,0.059281624331718005,0.022165523270122577,0.00011497717340007228,0.010722740946235355
0,4,4,16,7.400659655517257,5.15414594577006,28.70575934641106,68.51695061486441,11.83186065252779,0.4270858540915215,0,0.9861261660698801,0.04194176574851298,0.07276394660574985,0.02016900421889308,0.0002760576373349207,0.016614982315215406
0,5,4,20,6.231761755988211,5.667847747361002,32.41425020150024,31.956261878796646,43.65830075841846,0.58097602735462,1,1.221775374840945,0.04645101572452676,0.0985153053004644,0.002559249668012477,0.0012878361244591937,0.03588643371051509
0,5,4,20,4.483382248233598,6.251854681290926,37.68489986685738,125.12574872603355,33.27191035705263,0.6772699764738376,0,1.1932806249242276,0.0826969800015595,0.10806218150651038,0.04748918627515422,0.0004242936520825895,0.020598389550704917
1,3,5,15,5.996579579046541,4.7620800666520875,44.77450506475126,333.7203484527463,28.898499559819584,0.7052199766258529,1,0.8785665000323206,0.051884176659186695,0.10426721280859824,0.0038305283402278365,0.0010664838281270001,0.0326570639851013
1,4,4,16,4.445622160580083,7.77635210248404,18.831404509057045,297.3843468909102,37.37098306846351,0.6252468186457859,0,0.9570531661156565,0.03152731057400237,0.05398731337333825,0.018986842782231336,0.00012473309487801265,0.011168397149009909
1,3,5,15,5.315562849554214,5.800682037357595,17.629282402915155,337.3048162911826,29.38307842493317,0.38331458639481414,0,0.9195799159351736,0.037584633006087345,0.05547904134993206,0.02000624167959718,0.00013730417354928674,0.011717686356499168
1,5,4,20,7.002971666803086,6.578397138482488,42.58175919643252,178.9068538460989,44.725530518815944,0.7108549746470575,0,1.2999059590511024,0.07278230400385909,0.10777979827148271,0.045230906499299506,0.00018515969062283074,0.0136073395865184
1,5,3,15,4.58183198942738,8.087248542455958,26.418698804297403,316.070755360225,40.38198415376076,0.6835552400705728,0,0.9104061250109226,0.05195025304435797,0.06716304373892885,0.033321372454945646,0.00020563066183584738,0.01433982781751048
0,4,3,12,5.612639889232076,4.114469124880602,19.613734490040933,80.50119641867205,43.50630107631055,0.5438248573585096,0,0.6744767918717116,0.03911302780509213,0.056688887802708976,0.021711766556055216,0.00013382014499881595,0.011568065741463261
0,4,3,12,6.396772200689259,5.56863845597048,33.19112833300127,50.111288862310744,41.43915695524471,0.6975994430847703,0,0.8020511248614639,0.053202936189029416,0.0806174388537801,0.0269246901186014,0.0002815106270296789,0.016778278428661236
0,5,3,15,8.12600383707784,7.331534429175199,18.652857333758245,172.16424829730602,27.71376441963628,0.3395308150192281,1,0.8887528330087662,0.0133516150042731,0.02566256066624003,0.0021097252580465193,8.702483692499891e-05,0.009328710357010711
1,3,5,15,6.5307093142012205,6.19755844316455,18.16994052785232,230.69747328847424,17.561336387835986,0.5717527729386979,0,1.0170503749977797,0.0382502091895072,0.05509912465452277,0.023890320204132974,9.822851719283143e-05,0.009911030077284168
0,5,5,25,4.306748135553341,7.903807930342199,28.794012713079606,20.938966381971284,44.82032110094185,0.23466833659782,0,1.4961671670898795,0.06165770161092531,0.07265433729736731,0.036379411909703785,8.490049575088584e-05,0.009214146501488125
0,3,5,15,5.195900521079628,4.711246843435981,18.641548182672867,109.1790531243344,13.536603385372635,0.6152968050164792,0,0.8422398751135916,0.03335240414239418,0.042255482538065305,0.02341020301481481,3.172658561101924e-05,0.00563263576054934
0,5,3,15,5.163227692813405,5.104013148928196,20.212577869868834,236.06052212219626,39.68055598372905,0.6345904818059968,1,0.9854815420694649,0.011363014363242071,0.02994956956893785,0.0014056807900654203,7.874492578274965e-05,0.008873833770290586
1,5,4,20,7.27037897685999,5.771181202223873,30.7651386590592,173.38854475255044,16.191050080034906,0.43224725620137855,1,1.1986083330120891,0.035301109385626694,0.08031654726011878,0.0022222770537373474,0.0007393283929669522,0.027190593832554524
1,5,4,20,4.669018681397444,6.0929031081196765,38.710132075804445,209.57336272079002,33.83411895333856,0.31381690890480635,1,1.2456779999192804,0.04995049810224318,0.0984693309004448,0.004166432216034963,0.0012909632132968286,0.03592997652791925
0,3,3,9,8.171516829773838,7.146494030053681,20.96568833325888,23.26200474387101,11.492162325046145,0.4228451405900845,1,0.6088851660024375,0.018667297362056808,0.05049668518740562,0.0016535204991276731,0.0003075756558170411,0.0175378349808932
1,5,5,25,6.496669174893091,5.330096390026903,19.477133338505283,45.791914567481854,40.26311372491462,0.3460867810429204,0,1.6147314158733934,0.03585468303206303,0.0493562383212267,0.02044158495939498,6.200399327808631e-05,0.007874261443340975
1,5,3,15,7.070406555923681,8.297826158234729,26.771811645854235,344.2399886336214,14.660075146233392,0.26128971779452287,0,0.960600416874513,0.046051652761690084,0.060320163822297955,0.03382939713087394,0.00010759238155092541,0.010372674753935236
0,3,3,9,8.04441730818164,4.382084297190257,23.38103141804149,334.9147985416165,18.85704514802746,0.6687022542721517,0,0.5266958749853075,0.04061799569777155,0.05002280089885002,0.02579417768663947,7.416430320127376e-05,0.008611869901552958
0,5,4,20,5.931744549241578,6.250622162098798,21.808940830960925,320.1807298063839,25.771687985541526,0.72947566427366,1,1.2593079169746488,0.028904112035043027,0.05638648893051754,0.0017215861191962293,0.0004728677402050951,0.021745522302421137
1,3,5,15,7.401138896041767,4.208364503011921,17.543760481374097,257.8764197025656,12.522951759953568,0.24275403665915518,0,0.9651798750273883,0.011170616819885286,0.024986622420627828,0.003063361775270761,7.492631487134171e-05,0.008655998779536751
0,3,3,9,5.937976157413848,6.309734683354779,44.74765226610822,349.46998476144125,42.98103863856175,0.6703056060606044,1,0.6203419170342386,0.04730834345995425,0.10317874775159705,0.003520182035363428,0.0016177605430127394,0.04022139409583834
0,4,3,12,6.748080218594622,8.1526722820242,17.061384975548034,152.74687891855973,12.891618221074404,0.508794551944107,1,0.7132377079688013,0.010244259386558343,0.02187016297940337,0.001466144859376716,7.042431782890327e-05,0.008391919793998467
0,3,3,9,5.909698198264479,5.028436310977775,18.641592544782192,221.40466849399198,37.11218232232258,0.5863425521246785,0,0.599337249994278,0.03309751119890146,0.04833823196357172,0.02227051137762106,7.370592612745587e-05,0.008585215555095624
0,4,5,20,8.84244388797192,7.993570958272873,23.78466110102894,352.7893185691862,31.065855637271273,0.549453594924348,1,1.2634263751097023,0.03339646069198739,0.05548560319013472,0.0018756795618690624,0.0004219990616737636,0.020542615745658185
1,4,5,20,4.218678129399848,4.554039810899035,32.95594727053097,34.204211637229676,23.1597511479459,0.5300551642748936,0,1.3745932921301574,0.06371298766881624,0.10273320127208292,0.038456059282184984,0.0003835669912824853,0.01958486638408558
0,4,4,16,5.368956537570533,8.641587664242884,35.27946826759066,178.57722192475916,10.445021149541272,0.7954492402936822,0,1.2033322078641504,0.023290902063012382,0.04398528436899371,0.01307425951635348,0.00014581630198675353,0.012075442103159351
1,4,5,20,8.39634329998919,5.292158101459091,31.320497375482546,228.98547494273703,17.737218000880496,0.7870383672803576,0,1.4859976249281317,0.06802532250106791,0.09570584411678362,0.03915099781158698,0.00032849738240841214,0.018124496749107606
1,4,5,20,4.9029729908765045,4.269291034990131,24.601794975629502,271.147440928825,19.42659544057088,0.5237337322973031,1,1.496679374948144,0.0336405488223658,0.07691342166123628,0.0016511492280699108,0.0005559738170273654,0.023579097035878314
1,4,3,12,7.4264900805793665,4.459354438550223,43.9538922638099,175.82188682337826,15.273663769845708,0.40543018162012795,0,0.9713260838761926,0.08003688473316313,0.10763095783758045,0.0555417532040195,0.00025154999877156377,0.015860327826736867
0,3,3,9,7.717118930383046,7.059702526686655,18.17792137675479,54.56497377156249,13.281492222594482,0.5463036699725301,1,0.6125543748494238,0.017305684891160304,0.048121342846457096,0.0014328408567046598,0.00026321883673629875,0.01622402036291556
1,3,5,15,4.804240869788731,6.790211625744835,39.352566505971296,267.0163421446548,40.85077728862575,0.36674125834932075,1,1.0211081670131534,0.06294518871294079,0.12422241017168033,0.0038205405514922727,0.0018095587286572543,0.04253890840932868
1,4,4,16,5.020178173144494,6.7754247465114315,36.992138880890245,221.75476209366445,16.580865711539566,0.4132307412114437,1,1.1090240830089897,0.0392787323443072,0.07900141509382935,0.0031471774314751153,0.0007977463097369141,0.028244403157739306
0,4,4,16,7.804953800140469,4.176556774701195,37.37201348193697,72.89300165948546,43.53257180417831,0.42076445078125074,1,1.2684752498753369,0.03481518349998467,0.1142945224755143,0.002498729366440257,0.0008364152326142257,0.028920844258323888
1,5,5,25,5.528021077451075,8.383253809141003,44.89003012881742,132.5914309824654,25.70137208340899,0.6332425629216423,0,1.6083136249799281,0.07746871351606952,0.1146691211039466,0.03863274132010617,0.000637806234117847,0.025254825956989822
1,5,4,20,5.957628490889147,6.063109204243119,35.868544394904205,1.1585748975403254,31.685626811094423,0.4132958062648145,1,1.2574705420993268,0.0339015312439802,0.07048293870414744,0.002832363340853049,0.0007239931950501328,0.02690712164186524
0,3,5,15,8.371312353051188,6.550548562494126,36.70214296836859,37.48944885130348,17.890356441229287,0.6217660645872062,0,0.8795702080242336,0.07462445645788471,0.10063389038913398,0.04600181296755494,0.0004149413551459907,0.02037010935527816
1,4,4,16,8.024944998403848,5.3491036006410715,39.751482305401865,179.3720456148433,12.697039769701592,0.23513055754638754,1,1.1430122088640928,0.03944845503881629,0.06735554109966671,0.003391848428877472,0.000534278671394207,0.0231144688754513
1,4,4,16,7.538404673704579,7.943074823362032,30.51807169324828,158.4716392639766,15.160838434719938,0.396915652165587,1,1.0271304161287844,0.034618770930751164,0.07095610088136546,0.004051378380190037,0.0004962192993721322,0.02227598032348144
0,4,5,20,5.103059763556057,6.991126470318694,37.06989342717569,359.40510410146186,42.658966597024516,0.5855391197211149,1,1.2237971250433475,0.06279054633306454,0.11273615535763205,0.0029257762846388595,0.0014814013823046678,0.03848897741308111
1,5,5,25,7.429556355249319,8.955632159106518,37.41658763226113,266.39509920682025,43.26094635257071,0.32176182054494135,0,1.6172332919668406,0.07198144632622476,0.09306607393626955,0.047272324933831884,0.0001584275541459875,0.012586800790748517
0,4,4,16,4.826470554850872,7.501259797222605,32.574304379157056,211.13247318793452,34.41847196320263,0.7577701537254106,1,1.0366274579428136,0.030473401765091356,0.05797778140552263,0.0029748196115256735,0.00046223717926459774,0.021499701841295328
0,5,4,20,8.263640099378556,5.127706649628663,26.30742494209116,166.22381290045757,26.831710026357438,0.4611082395532141,0,1.2344109578989446,0.04626920011192039,0.059875380387824514,0.024791326672792723,9.524722980610739e-05,0.009759468725607321
0,4,4,16,4.403007568785624,7.6396965348688255,29.893834570658992,157.26625294146464,35.53278800283388,0.6593077393946659,0,1.0222783330827951,0.026638011370940205,0.03905257938369387,0.014542334561747972,7.240184159490703e-05,0.008508927170619516
1,3,5,15,8.613115290438948,6.360302170984991,15.402078792964968,101.78844824835433,11.560821793053654,0.22177257356810132,1,0.8673814171925187,0.018221333320401937,0.038547996923786715,0.001216331805613781,0.00014064046750568467,0.01185919337500172
0,5,4,20,5.247730999247531,5.359748630643155,37.781947872538915,161.9063432821944,37.18486949343134,0.23921969453863115,1,1.231558125000447,0.03709701021613891,0.061594199556803314,0.0036539875188623763,0.0004715096202143618,0.021714272269969394
1,5,4,20,8.532187266722055,4.696226855587976,30.972620468256512,147.99441693625437,22.157016419059495,0.7399000074123636,0,1.347205457976088,0.0427789412896631,0.06232459116610742,0.027331899833086235,7.947386206228129e-05,0.008914811386803497
1,5,5,25,8.4106780714103,5.967239232817958,39.83605125966518,283.5766855899751,31.854890626510482,0.49668867877705586,1,1.6538338328246027,0.053307266109229,0.09377683258756704,0.0031399182618792364,0.0011388314503362423,0.033746576868420926
1,3,5,15,7.625778637755574,4.955953507323945,25.14789315997045,111.1315476143503,43.14625957085531,0.7804137066729652,1,0.953862041933462,0.03215024851898615,0.07662737066879188,0.0022930633866436825,0.00041639181475008896,0.02040568094306311
0,3,4,12,7.600040198315566,6.089949669352421,17.665207352626933,246.1514780077353,29.07869348912449,0.7883100932006637,1,0.6628543329425156,0.010601680324922065,0.023035433746746787,0.0010356129339548542,6.148636825801139e-05,0.007841324394387174
1,4,5,20,4.338341809500008,7.539175486148843,31.30614652027938,29.421124468840173,26.040522453502977,0.49081777227802825,1,1.132851584115997,0.03860736309500259,0.0862325216597176,0.002469977575385423,0.0007273497079477083,0.026969421720676703
0,4,4,16,8.24987685740331,7.3451116866455415,28.868866830018217,148.23559497042305,32.7840713502834,0.5272591216441433,0,1.0152505000587553,0.04372536674295409,0.05499415377472861,0.029310314312920124,6.67295230285949e-05,0.00816881405276157
0,4,5,20,6.296199387984791,4.259782887771342,38.588345981520995,72.49096156895078,19.051729221081356,0.2988238120593776,1,1.3657312500290573,0.02208511357563176,0.05765751447380309,0.0006652559637908253,0.00032381256819130475,0.017994792807679245
1,4,4,16,4.089728392842459,4.631268913963067,34.78888099184227,58.18313206291372,18.942267062946165,0.7679827725197644,0,0.9916890000458807,0.06000909650018744,0.10522271436459243,0.03569470784547581,0.0004838192029499305,0.02199589059233407
1,4,3,12,4.135837106127799,4.32602295630246,28.917941304369982,327.31927411016164,28.854562928344997,0.49868750482057417,0,0.717303000157699,0.055069058667371475,0.0752870630656685,0.0314229803703159,0.00018511382908391905,0.013605654305615701
0,5,3,15,5.986906952426582,4.467039859876478,28.232164747523512,70.41933829602542,16.53531535205645,0.2564216626605598,0,0.9394642079714686,0.03051719184734127,0.051642951549573914,0.0120722991003458,0.0001597230783920612,0.01263815961254095
1,3,3,9,7.172912087751519,7.989570798079471,26.879114179873646,329.4324246265356,28.6560103536149,0.29477289370120885,0,0.5745342918671668,0.056564765398256736,0.08210073139763688,0.03392888432526049,0.00037500429233292454,0.019365027558279502
1,4,5,20,7.067365693195882,5.815503683170052,41.91559022893857,60.78751440396701,27.746788635290436,0.5588675776214108,1,1.2919036250095814,0.04379474292475643,0.09830221142104874,0.0019338353737232217,0.000930254970571204,0.030500081484664987
1,3,5,15,5.565809974086411,7.992966361913756,44.03267631310167,308.47461698703387,14.117539585576381,0.6438381992513245,1,0.9150536248926073,0.031146005205316286,0.06720311241963219,0.0034417055208986803,0.000437026397166139,0.020905176324684253
1,3,5,15,6.4267949157994355,4.612169491794705,36.755566440821724,116.28403141903698,44.89773549785816,0.7878694747127132,1,0.934896833030507,0.04382802742815855,0.09009913718960814,0.004340460714711655,0.0007093001476698033,0.02663268945618905
0,5,3,15,6.798778418191913,6.636998110613382,36.580608671074756,320.4928990864088,12.779230462506034,0.6388978942042175,1,0.826217999914661,0.039865015684382915,0.08904306081742225,0.002854802938160116,0.0011188160893871924,0.033448708336603857
1,3,3,9,8.09531756930828,6.703968774927722,36.307283958699344,113.16604074614942,26.49087646264851,0.6929821386262831,0,0.5316998751368374,0.06329805243492405,0.08815688976330585,0.04583984447714716,0.00014952572552966146,0.012228071210524636
0,3,4,12,8.096275524357306,8.399109569758476,30.763047376370785,87.96237868312781,13.953012294391074,0.2523076806990987,1,0.696722709108144,0.02126418065196541,0.04442034881939597,0.0018563369500045133,0.0002303851661366696,0.015178444127665707
0,5,4,20,5.739707057910833,6.251754894527063,37.464790108899194,234.4131305574027,31.73249986174509,0.4114249679657927,1,1.2876328330021352,0.04255780895595758,0.10459724976849075,0.0036970689017730733,0.0009468617485639175,0.030771118740856945
1,5,4,20,8.895524690075773,7.170710691478684,18.78794224693508,243.42392234715624,21.378640540109465,0.6117963180116586,0,1.2483402090147138,0.02667158816425979,0.03615907700891057,0.01630793211292964,4.0185058536946865e-05,0.006339168599820237
0,5,4,20,8.278686294528931,5.135897785117574,40.111233757288204,100.53939184358775,32.50086685205477,0.6164903441058986,1,1.2215873340610415,0.05044726806331594,0.11453074087581518,0.003563686354473547,0.0012884210943448604,0.03589458307801973
0,4,5,20,5.063221881855481,4.165946772812131,24.118392037221714,235.1386045912619,42.840668645696894,0.7227226893578313,1,1.3057962078601122,0.022109557290322067,0.044689608779528336,0.0014061501262863684,0.00022490932945256101,0.014996977343870364
0,5,3,15,8.494236940901237,7.253842737793737,41.22680172415055,0.06782384036948308,15.917837462459739,0.4338556324558953,0,1.003851667046547,0.06551884537029325,0.09208134829763448,0.04367007623281051,0.0002716574444445631,0.016482033989910442
1,4,3,12,6.733241100938942,5.902002744852048,44.304009855319784,39.85941359747364,24.789194990918062,0.2252148051028432,0,0.7773491670377553,0.08950714359546635,0.11772127289646789,0.055947670272727006,0.0003465863198493847,0.01861682894183069
1,4,4,16,5.400186647752447,8.291708383995605,23.76654691385693,327.87725819180946,36.38866662588744,0.6829440661048632,0,0.92701212503016,0.04279966052666195,0.05512171764307904,0.0299739130968019,8.626815330940732e-05,0.009288065100407476
0,5,4,20,7.633354960351617,5.523755476930667,39.88183994576541,101.34763142937479,40.54638438481448,0.26754823424716223,0,1.4498415421694517,0.08911171274819021,0.1135143533378066,0.050347416964926554,0.0004289873513191397,0.020712009832923983
0,3,3,9,5.2094691412941945,4.062020181386574,29.063038963935174,108.45549387360013,30.942511950421558,0.37834268462517034,1,0.708841959014535,0.024998029191071854,0.06911594812694533,0.003876025641665978,0.000506329231322059,0.02250176062716113
1,4,3,12,4.240714179891767,8.514474975959937,40.567916231735445,240.40968596150634,30.76275495375845,0.7353814988837915,1,0.8751348329242319,0.0291122410779706,0.07112713195125334,0.003000131992688905,0.0006565472872469962,0.025623178710827355
0,5,3,15,8.190760917759622,5.426451691786582,27.875477801890707,96.39960317580031,37.6206296306056,0.5440096073811309,1,1.0526717498432845,0.025780563621647108,0.05953879616504323,0.002476427660759621,0.00045064312616690725,0.02122835665252747
0,3,5,15,6.441873144914694,7.687828745464134,30.757192725604806,11.752443916440697,40.399302721210105,0.23881213610907895,0,1.0331502920016646,0.06094428777889241,0.07894288903237494,0.0388667023321794,0.00016045356726895213,0.012667026773041578
0,3,5,15,6.152137051604951,5.584732938955597,28.037878825761354,278.5966760628563,31.067320085529605,0.7355139739729077,1,1.1033443750347942,0.04171295997810029,0.08353489262378071,0.0022122627434104456,0.0008193412821415003,0.028624138103032905
1,3,5,15,6.226230561423941,7.944011319526798,34.188166835330456,243.5134904418212,14.609270346521349,0.3405106680892914,0,1.0554644579533488,0.06491481372418031,0.09391474341708278,0.0431063584685747,0.0002185858362153892,0.0147846486672964
0,5,4,20,5.313378212993259,5.357843823755199,29.186913984327145,354.18251262795764,19.41356310392649,0.4441831457805584,0,1.313393416814506,0.04252788817835666,0.058887425701818645,0.020583039416679296,0.00011846368409323634,0.010884102355878335
0,4,3,12,4.198829824942848,7.020358385356096,42.22140494138541,85.98839774469396,26.437462113824814,0.470279180994691,1,0.7542478330433369,0.034497210864805644,0.08700532480092901,0.004451258933953193,0.0009313349435774394,0.03051778077739991
0,5,4,20,7.0539003553788415,5.403416077579871,21.209777353152802,185.96614624055246,10.192702970614729,0.2045984195895352,0,1.3248437088914216,0.03923079466604742,0.04961116373880003,0.02243121364663141,6.230741837375155e-05,0.007893504821924894
1,5,3,15,5.694303246693758,8.012928397899064,32.16145930107903,184.56038134430992,20.27210881228426,0.7590522316596899,1,1.0038917090278119,0.02165673598120135,0.04259463593895634,0.0047971249982434565,0.00024020332889977791,0.015498494407515134
1,3,3,9,7.085332580589006,4.5691919673830075,25.35669428405076,182.6682979384112,40.59778836398115,0.49612794820407125,1,0.5571561669930816,0.020706499781605263,0.04807403565575703,0.0030826474963224163,0.0002825904710399226,0.0168104274496493
1,5,5,25,4.657445599489908,5.373657627597598,26.837282267929393,151.8581442739793,24.385737634294102,0.7445666015339331,1,1.5701457080431283,0.032448764799193446,0.058100827337249236,0.003642930335398174,0.0004325016469689094,0.020796673940053717
0,3,3,9,8.118951921106474,8.775302557424945,39.6359484765068,0.5634378689302455,32.274047956419246,0.23068122886526046,1,0.6217598752118647,0.04384500073351772,0.11488254627224097,0.003127392830449854,0.0018995715095600735,0.04358407403582269
0,5,3,15,7.018977264746939,7.432949567463034,18.434629141977155,138.18199789619263,25.968277813443972,0.42143181305655,1,0.9859327909070998,0.014356989467405452,0.025761087020740626,0.0025969749769243354,8.339994185612718e-05,0.009132356862066177
0,3,3,9,6.021198648221046,5.60540548543525,37.49552293309399,148.5631173900228,32.61336612517721,0.5878700540747642,1,0.6026369999162853,0.02422618078992689,0.05964540994459639,0.0025337902843225145,0.0005206067722790859,0.02281680898546258
0,3,4,12,6.5107680498099345,4.694356631982585,18.472128200361162,55.55576350190858,16.01469684644831,0.5827262555981804,1,0.7625197090674192,0.02179772739511253,0.0544069188458664,0.0011366484819592077,0.00031953550827031806,0.017875556166741163
1,3,4,12,8.145088662727455,8.956316133668166,39.60037887358068,250.15765452334531,28.637244480300133,0.469311843004825,1,0.8082730830647051,0.02450654338725868,0.05023189682973942,0.0023076315805619432,0.0003131774079958022,0.017696819149095756
0,5,4,20,8.550673183910671,8.040113149532765,21.481540950350617,167.9788024909977,38.58531208954906,0.24043073287131353,1,1.2746908750850707,0.02393010705647492,0.05030039993113693,0.0028256459392969045,0.0002789272494145682,0.016701115214696537
1,5,4,20,6.019489320850619,4.388073223657204,31.276031055967543,310.2272981705863,30.65999400336059,0.3357674649285391,0,1.2599461248610169,0.05618375443802494,0.06785246720383546,0.03235155266019831,8.293140440070643e-05,0.009106668128393964
0,5,5,25,7.796755128763065,4.494368088203177,41.68956099052699,4.431493085787213,22.951831713598935,0.2164521859835946,0,1.584119375096634,0.09041722443489872,0.11298262178824912,0.052670952345685494,0.0002063999287612767,0.014366625517541573
0,5,4,20,4.834301008493764,6.152646692311038,19.277824322457263,320.434932666171,22.10571112582501,0.2926758483339943,1,1.2466880830470473,0.02648478733614622,0.055939116739727304,0.0015215470066078922,0.0004574335680947954,0.021387696652393297
1,4,5,20,5.703020832906458,4.358559444238255,27.288866846856962,112.0382982228217,33.699222390725325,0.5634675496716143,0,1.3026994580868632,0.055273337309825164,0.08200274180906299,0.03447820534798378,0.00016393043035520282,0.012803531948458707
1,4,3,12,4.526295925985062,4.83679866569314,44.16075769489773,82.25522883171747,44.210824129662875,0.519147623914558,1,0.772637499962002,0.03871755044994298,0.10157448596169588,0.0035954351684519287,0.0012248831629313075,0.03499833085921824
1,4,5,20,5.0443203535287,8.628186650126679,27.424506729846804,142.35633647744916,20.962219137456092,0.28823711033995303,1,1.2393837079871446,0.037501280013769595,0.07869514661951309,0.003645232846369501,0.0006268101671223725,0.02503617716669964
1,4,3,12,8.177401181911637,5.851984931376532,26.24410703345389,170.64231425393612,25.544469960801308,0.796914783835593,1,0.6449925838969648,0.020089683346550227,0.04055008724620924,0.0023450869993482076,0.00022019670511454128,0.014839026420710399
0,3,3,9,7.03438670788465,4.757921464349399,15.92812934194026,349.46717532380933,37.07386120370974,0.7880653954482603,1,0.5929075831081718,0.014211635594189463,0.0327703676392503,0.001244020290502419,0.00015952621990635593,0.01263036895369078
0,3,4,12,4.841684779595651,5.234537133337928,40.15647644708485,128.2268329623339,38.938524082874665,0.6254082345722192,0,0.7565135830081999,0.07157733430372311,0.09070186001105149,0.05027102963175686,0.00013662521266554398,0.011688678824638137
0,3,4,12,7.386936607593584,5.175186074019125,39.9206553156023,196.13795671626724,15.783471765491113,0.5497906556987615,1,0.750163541873917,0.03972300399480644,0.07091544537719777,0.004468818789228014,0.0007152841296376101,0.026744796309518044
0,3,5,15,8.083784650597641,5.03654501593779,38.47164988380262,264.44805232370874,20.517128496015133,0.3954938705386699,0,0.9378084999043494,0.03928812614232049,0.048782948831704406,0.025189116706804102,8.426572291570083e-05,0.00917963631718059
1,5,3,15,7.654090143559044,4.739920736829173,40.57673345704661,255.9184980056349,41.74299830921919,0.2794234274209835,1,0.9502569169271737,0.04109035814150963,0.12120128673066236,0.0024002592261350587,0.001733484957360827,0.04163514089517204
0,4,5,20,5.767303702733912,6.292332122846289,16.139446898695603,268.50961390572434,29.226286779111092,0.23464463112150427,0,1.3462215000763535,0.037830244095426645,0.04982199947569528,0.020391110588992803,9.235067351433513e-05,0.009609925780896289
1,3,4,12,4.172306297125,8.848038634240478,43.473364292683215,184.64486981299112,13.278534724706857,0.6527727329591552,0,0.77230479195714,0.07581422572732434,0.10560050044909142,0.052750990498772035,0.00041951640192312,0.020482099548706428
0,5,4,20,6.457090887642784,6.6122207270273226,31.881350970670177,158.84053691591754,31.201435609866984,0.7512408263638265,1,1.2037377499509603,0.02129116388853799,0.04624468034253075,0.0024978975843552753,0.0002837788923316347,0.0168457381058722
1,3,5,15,8.472262784121162,6.279896378799685,28.303675091457123,216.76211472772064,30.699236579787083,0.6839536053957663,1,0.9480056669563055,0.03976467825991304,0.08925162815932908,0.0026664002124278255,0.0007563645999501419,0.027502083556526075
1,5,3,15,4.297357844336404,4.015839242903509,34.205949346788714,107.43656845027562,18.413383604481933,0.38713944800256833,1,0.9076432078145444,0.024294305738655465,0.06275361458329985,0.0025387421201299946,0.0004708157855291421,0.021698289921768997
0,3,3,9,8.857665211952943,5.103727442263908,37.02089287767919,274.5347020899031,42.524008930253025,0.218329674256028,1,0.5844696250278503,0.03820591338114727,0.10171922719416256,0.00292381347411681,0.0013249715632085218,0.036400158834935345
1,4,4,16,7.16272054982914,7.222351385605168,39.59393414954182,120.02663597727978,35.656791645099766,0.5171468658333184,0,0.989778249990195,0.06177632488989657,0.08028727176865873,0.04057665765295691,9.68247769677216e-05,0.009839958179165276
0,5,5,25,5.003255087018806,8.973243207799989,17.69436462848322,0.8343172457329917,11.545667766224094,0.40506944284205704,1,1.5699797091074288,0.009444759199419332,0.01981815694765921,0.0013974366404223269,4.2919979921734116e-05,0.006551334209283947
0,5,3,15,4.0283290726478365,8.685455142293973,39.65779907819789,291.30594161005115,40.9548496425692,0.6200205636632627,1,0.9436098330188543,0.049260568537345416,0.11525463207652045,0.003108347846156134,0.002094835240954547,0.04576937011752016
1,5,3,15,7.615747432323148,5.4016723039576044,35.62219092408713,8.819441376354845,20.714806930785763,0.5294782017663037,0,0.9393905838951468,0.054810295678033666,0.06677633470701197,0.029898555742561735,8.784014729039874e-05,0.009372307468835982
1,3,3,9,7.488781380367147,4.030443741199195,18.028235999325645,312.81993082049223,33.86120254315564,0.2677589856116068,0,0.5748774579260498,0.02991865439139578,0.035056941493364094,0.022354719203330417,2.2968200801127693e-05,0.004792515080949427
1,4,4,16,4.364509176839517,6.014366413163185,23.858714821438298,83.65835630017722,19.835157461804975,0.6820896459781308,0,1.0534010000992566,0.04022024764365889,0.056175673486269714,0.024849636268238596,9.716780218858791e-05,0.009857372986175774
1,4,5,20,8.530555010662486,5.60747850623941,29.293109590313748,81.3704392137599,32.41666147615454,0.7873886691048855,1,1.2542908750474453,0.030930233381016876,0.07187856789387122,0.0019336279222384126,0.0004362555820886358,0.02088673220225308
0,3,5,15,7.239087229952641,4.614603392326938,41.65977240796196,181.11022228074108,25.727240971387474,0.5515188730721116,0,0.9641023750882596,0.08699532978348462,0.10390376658082814,0.052579836378773906,0.00019522961812637717,0.013972459272668401
1,4,4,16,6.315863583756709,5.173267208879246,24.095821783831383,104.38924281969925,29.715112583383515,0.27197221581433395,1,1.0116182090714574,0.02953269727591352,0.07252042479113455,0.002181227207841486,0.0004657363161652169,0.021580924821823947
0,4,5,20,4.7931207226318895,8.40996084860818,39.713342703034954,259.81975897818455,19.504146659393484,0.4414679824602014,1,1.1961179580539465,0.0467078581598969,0.08625840991833712,0.002056202596204232,0.000887838583357885,0.02979662033449238
0,3,4,12,7.915083186583664,7.575193594253419,32.80457288927804,322.4616213334222,30.41432812345659,0.4801807999781665,0,0.7881874169688672,0.06294496249123589,0.0785198139344799,0.04145081841068425,0.00018143462163754383,0.013469766948152585
0,3,3,9,8.654436860304042,8.133573299655092,18.897897736071037,203.39436876309128,40.32917936121804,0.5430854981642923,0,0.5897677498869598,0.03462166696713445,0.04495798119609023,0.023820168514528065,6.932072409636553e-05,0.008325906803247652
0,5,3,15,6.111922610921529,5.886568307031618,43.08963461907471,243.0504220138805,14.060793847185925,0.22537504953360873,1,0.9313489578198642,0.030643035859797486,0.06910978968804941,0.004131959603544668,0.0004954081585996999,0.02225776625359562
0,5,3,15,7.519285458171656,4.021816348251545,20.00859266241596,256.6965782283547,33.323489475237224,0.7796285030772064,0,1.0587509160395712,0.027251772076533728,0.04336060718821744,0.01277404397275648,0.00011255152854922778,0.010609030518818757
0,3,5,15,8.719911526816048,5.34484015797693,29.26219823550221,228.36230629603355,44.98131868754707,0.2628848389985433,0,1.0467682918533683,0.03597477287643717,0.043375276259511146,0.02401486355825715,3.137549373616932e-05,0.005601383198476008
1,5,3,15,6.379838655058279,4.55488762292574,34.03272435859751,277.4810225749967,10.10084380829651,0.7153740112523778,1,0.9883090001530945,0.029412330089555953,0.08150767498127627,0.0017455295418767512,0.0007518623936245729,0.027420109292717505
1,3,3,9,6.078987503437251,7.598269083052652,26.134848443572256,313.11474360541587,35.56737263355766,0.588627902637753,0,0.5676810001023114,0.04371282451765577,0.06221387632322243,0.03299293283389347,7.116376060795505e-05,0.00843586158065405
0,5,3,15,4.1796933746077665,5.973671769224141,42.92421891949469,45.260736837201435,35.798379265121795,0.7847550868011979,0,0.905313041061163,0.0798372870670067,0.09626992952773364,0.05369114173459089,0.00010943134968763847,0.010460944015127815
0,4,4,16,6.895876276873611,4.426706682421624,16.290208556008185,240.0719977983318,38.81583004372513,0.6692092009597804,1,1.0064622079953551,0.009540649537054448,0.02296299777332717,0.0007747620433864828,5.603811728355989e-05,0.007485861158447964
1,5,3,15,7.440222219180069,5.2094444177707295,42.33206108302151,301.7755294364538,34.828403848058684,0.7693075734986783,1,0.9875137500930578,0.04043262107007027,0.10933547134287414,0.0033224198372495592,0.0014852434501908276,0.03853885636848644
0,5,5,25,5.651213896682027,8.530329428431827,23.000255899859326,260.9483397534061,40.71764568777735,0.22499409102960946,0,1.5602629999630153,0.05377186436741702,0.06906831625878228,0.029046550664519288,0.0001416558565182993,0.011901926588510756
1,3,5,15,7.869956890763813,7.864607409380575,30.638881429624167,351.3649763805169,14.394257516692868,0.21016859893374862,1,0.9664262081496418,0.0365981128560907,0.0656324580653825,0.0024174722211811085,0.0005295580132454022,0.023012127525402822
0,4,3,12,4.601036145602881,5.327914164793031,15.526570900998868,105.59109988100329,37.0599655871535,0.5107763166275474,0,0.7760903341695666,0.029537598295860213,0.03492173125089589,0.019510932799253502,1.8894787846627393e-05,0.004346813527933697
0,4,5,20,7.315036730708879,6.7419101809782696,41.37765344539154,243.20883310209354,29.143713797998583,0.697857872172587,1,1.3747717919759452,0.03549925246696721,0.06557289624319342,0.0029533596928022028,0.0004957668619172018,0.022265822731648652
0,3,4,12,4.761638928313394,8.497276062730508,36.30406295394197,337.4562377391555,31.115213200023007,0.4840405288969476,0,0.7459599999710917,0.030089931338617815,0.04586225899790121,0.01470781658417404,0.0001474345973825901,0.012142264919799356
0,4,4,16,8.951044467938107,5.195793888911215,30.922120658605074,234.34464064250614,32.560691115982024,0.5367761257690417,0,0.9562436661217362,0.04166812877055638,0.06333410320060388,0.02432323934290142,0.00013255596329673938,0.0115132950668668
0,3,5,15,7.628136001372079,7.098672857165446,41.8822533538372,304.9899980520894,21.030146369639365,0.36574239498509187,1,0.8992247499991208,0.0493195952274542,0.08926608698248034,0.0033057038322059046,0.0010343907415630298,0.03216194555002899
0,5,5,25,7.3706514776803145,5.299524896214164,25.355766254826314,330.29490352751645,20.167657698499713,0.481992960894762,1,1.6336768749170005,0.034933197816976486,0.05895336800980427,0.002002242463943429,0.0004838693073144656,0.0219970295111514
0,3,4,12,4.311016130823514,4.736515221394852,15.235247723157505,227.13184448249882,25.66856988936464,0.28056491054136534,0,0.7501609588507563,0.02820131463076708,0.03680347958358412,0.01924648781151719,1.693602157101871e-05,0.004115339788039222
1,5,4,20,5.209466470564446,6.503017855773538,35.38860998205323,27.446118470483214,19.61463352667622,0.6841792945303963,0,1.2358663748018444,0.0633551023862552,0.10545715908593524,0.03326866833587683,0.00027543167013529456,0.016596134192494786
1,4,4,16,6.164080011047346,4.219499713215026,19.972493394604676,160.39498994708072,17.321491289277475,0.22998741719580726,1,0.9726498341187835,0.023030857108629087,0.049271030572567605,0.00218653029008956,0.0002783358348405539,0.016683399978438266
0,5,3,15,6.636163303769563,5.959291482045394,34.7734129340858,39.20159303317406,32.278852636367404,0.49894160029956386,0,0.9589973329566419,0.07682430106861578,0.10795709951179773,0.04383406582096954,0.00038932062209766995,0.019731209341995994
1,5,4,20,6.612698583660266,5.095587397349692,28.768904381318958,330.97946564616217,16.163341496570812,0.3283742232129422,0,1.2655370000284165,0.0426516161241362,0.06412522148792117,0.02987331683575604,7.817073551483012e-05,0.00884142157771193
1,4,5,20,7.660613034214779,5.775205282259791,35.94933471682718,142.27413347158927,43.35138785992396,0.780231608855621,0,1.2602824158966541,0.07750092284968832,0.11255686638277668,0.04947830934325527,0.00037314752430075884,0.01931702679764044
0,4,4,16,7.5916558768600195,5.236701579095417,34.21845550646662,239.97617245678293,15.694491033299807,0.5390511874716538,0,0.9899760410189629,0.059917538342280266,0.10147290571517885,0.031238520715987258,0.0005489800753279746,0.023430323841722174
0,4,3,12,8.177039154210629,7.922104290017089,26.309566257788404,198.7165087634596,38.16635926963932,0.22763404051397385,0,0.7438814581837505,0.04467701204086869,0.05700932804611774,0.033200296986252875,3.9871933921082143e-05,0.006314422691036936
1,4,5,20,7.644307211349735,4.476996386566054,27.86106062959301,10.501114912295208,26.831155131105316,0.597460407020641,0,1.312524874927476,0.05742138990051467,0.08247124618047234,0.035128317276675994,0.0001465940979354403,0.01210760496280913
1,3,4,12,5.989183127510785,8.597655123280248,44.79765046268892,16.168067638421707,36.63527732233872,0.423034439841406,0,0.763865957967937,0.06989495673503386,0.1047166786287187,0.043727501774539816,0.0003670658476562249,0.019158962593424127
1,3,4,12,8.592132160727044,8.754642972512743,32.313677581149626,128.56361734818103,37.56421800505727,0.3506008299573802,0,0.7635561251081526,0.04363965590127548,0.05669474670625022,0.03266241071911657,4.500897779204119e-05,0.006708873064236735
0,5,4,20,7.28315536853938,5.201994564467535,20.747788372044774,330.5660712031573,13.56312890323379,0.5035747446409591,1,1.2963614170439541,0.024411273257626615,0.044988197166026894,0.0016328552239966041,0.0002805276395430923,0.016748959357019536
0,3,3,9,4.180094091457132,4.876108860529136,41.00311063518001,101.69234783172959,43.26607097013535,0.5489733757935162,1,0.5807083339896053,0.03683661280464469,0.09817532613979554,0.004329123137040479,0.0011026289963955438,0.03320585786266549
1,5,3,15,6.583491926131339,7.793881268786626,23.474881979185568,127.09814097610885,41.293300588663776,0.7678739078902433,0,0.9315501670353115,0.03642604204069943,0.050218723570871746,0.024698996342854017,8.478064645174006e-05,0.009207640656093181
0,3,4,12,7.901827515034409,6.381678666505494,29.926195564383065,73.68483926062223,30.689560614048077,0.31168153865200876,1,0.6828686660155654,0.019593689643954214,0.04164484824212611,0.0015901277728416472,0.0002048872722986187,0.014313883899858161
1,5,4,20,5.035379046054276,4.355791425867164,17.07022777838449,338.6824273811188,27.742215328664212,0.44564724309021103,0,1.4459062907844782,0.03137046127830438,0.037491001679329006,0.02098417033406547,1.877855104274245e-05,0.004333422555295346
0,5,3,15,7.633746120840983,7.869531108853326,25.578078177865745,296.9236282600032,28.04807920497587,0.47797619196367813,1,0.9500108750071377,0.020942427421046808,0.05324452683924303,0.0020201147959152824,0.00041957686121276306,0.020483575401105226
1,5,3,15,4.187855451994537,4.639334006112088,37.96640251547583,0.004188511931810801,24.579803996880226,0.5135061086513532,1,0.9588492910843343,0.03462669672029582,0.11031409477200395,0.0029791419031032864,0.0013108402243078223,0.03620552753804068
0,4,5,20,5.017891887731802,4.050453033445123,28.12445779824629,317.7843770424319,11.816533025555815,0.3146712256976016,0,1.4172741670627147,0.05525028704440395,0.0771758619700698,0.0355380145355335,0.00012681063217434522,0.011261022696644618
1,5,5,25,7.203177964012933,6.079719522909275,37.77206817775127,219.4671641964847,41.36142798800267,0.6908160494832158,0,1.6507152079138905,0.08546283001939871,0.10938562493898449,0.04767976461358436,0.00043974067527307594,0.020969994641703557
0,5,4,20,4.626782378961928,5.684823628587282,44.98631756157283,146.07042070142197,17.717095214118725,0.6574897306853319,0,1.300240042153746,0.08791793539984612,0.11994226075837972,0.044780885173389955,0.0005668499275947776,0.023808610366730303
0,3,5,15,6.072348577696717,7.769148502846093,15.620141066757133,96.84707284739177,28.115870546043272,0.36130804547170603,0,0.9405005830340087,0.03140226427312129,0.041922663022532766,0.019735629091395385,5.210050236071878e-05,0.0072180677719677015
1,4,3,12,5.808551274297903,8.746043134352561,33.96478497559372,46.77889401645884,29.603209410518843,0.6684391119205407,1,0.6459142500534654,0.03203930521994938,0.08440819059497072,0.0026709807137268245,0.0008755120402333004,0.029589052709292678
0,5,3,15,8.66462431284836,8.137531599366106,35.9162814572891,257.1575888645991,26.16006503345917,0.7525967126579456,1,1.0091037501115352,0.022644556512928477,0.06115623519898937,0.0018927886744368144,0.0004354416368430774,0.020867238361677795
1,5,3,15,8.308454518936726,5.370357946710955,39.21212711600109,70.28661706433714,22.086968328571075,0.40136627256190566,0,0.960497333901003,0.033924471589892986,0.049538546177669104,0.018153941974067632,0.00014639604812299344,0.0120994234624214
0,5,3,15,7.505849307951299,7.6352838080769505,31.862183832077132,340.95264015906685,27.369056350882655,0.42831062592193675,1,1.0215455410070717,0.013644604992378042,0.031878218417993404,0.002509859544377745,0.0001448131148403595,0.012033832092910366
1,4,3,12,4.125967069796147,8.194986638590054,15.34253950362221,253.33192066645833,43.958998840411994,0.46259679688892213,0,0.699548542033881,0.02836084724808503,0.03946496871512715,0.019372260192075694,4.9699012570895937e-05,0.007049752660263758
1,5,3,15,8.085640710077925,6.732151580389236,44.01105825768438,18.600739796865998,27.667845940658484,0.6310723683935301,0,0.9723451659083366,0.08188030106352927,0.11490310066183722,0.054984979746426035,0.00026098763739354155,0.016155111803808155
1,3,4,12,6.763535378592726,5.982768409949816,18.951450857372805,311.50647320720844,15.504562286290037,0.3858727155254596,1,0.7237915000878274,0.02071080439668295,0.04920700264760227,0.0014921502743964058,0.0002764643165966457,0.016627216140913236
1,4,5,20,6.507577307398669,4.354457879456427,24.3858948256539,336.70695547631794,39.77380912116962,0.7891434188459235,1,1.4549797498621047,0.03410124106937409,0.06759384278662546,0.002087556150108416,0.0004849050379152903,0.022020559436928263
1,3,3,9,4.098978291736272,5.953410554929696,20.742830414986276,148.19596576441288,42.72480511435679,0.458324125704314,0,0.5519523750990629,0.041752414617439115,0.06543681558917658,0.026294068463094702,0.00019391465033869842,0.013925324065841283
1,3,4,12,5.23565777330696,5.7792737962960565,17.51758607464288,120.04653369456378,33.71393309262369,0.24326665575766113,0,0.7714517079293728,0.029145516478394955,0.042901732255208255,0.01599220180110507,5.7172595259931564e-05,0.0075612561958930844
0,5,3,15,7.208671986492791,7.357395743336035,33.96846460912919,71.63717002539724,24.641685243579804,0.6505638790179911,0,0.9880007500760257,0.03347821489710436,0.04623315230001346,0.019969978037241553,7.482227300869568e-05,0.008649986879105407
1,3,4,12,8.706362241209257,8.573655574782517,15.344419792481336,162.041949530932,44.19864815680506,0.2618728174448455,0,0.7487351251766086,0.029353026253151823,0.04375225228611008,0.01938878584367691,6.322425124487955e-05,0.007951367885142753
0,4,3,12,7.689424924173031,7.522772140137226,27.681859106817967,124.74870046297856,23.91643324935047,0.3585657578951836,0,0.7427912917919457,0.04778998030302117,0.06697994503427675,0.03498020573618489,9.438735820617768e-05,0.009715315651391759
1,3,5,15,5.342668780338037,5.437308324486251,34.70268190423671,348.67343941196117,31.127302019578128,0.24618768023897977,1,0.8758459589444101,0.05730952381339711,0.10949338307656331,0.0027373345769140804,0.0016896596059795428,0.041105469295211104
0,4,5,20,6.1518737484539665,7.478987388277225,28.74066635004776,33.154291163844846,29.368265564434758,0.5849791452964128,0,1.2740624588914216,0.049251177629227,0.057890053605550995,0.036296015061268706,2.7765909680807315e-05,0.005269336740122737
0,4,5,20,6.818299855143811,6.253432374694565,35.161681162567604,210.08050823693466,28.40146768456972,0.34971462010294924,0,1.2286447500810027,0.06507553217895766,0.07457241084260521,0.044414411508109645,6.39129772682932e-05,0.007994559229144105
0,3,5,15,4.529529022018788,4.7741430629886,43.34208776349239,265.1526822005253,40.904783869042056,0.32157958048120594,0,1.0208292501047254,0.09306860150920059,0.12862166999910207,0.05475956923289194,0.0003811450447105741,0.019522936375211956
1,4,4,16,7.400559427234863,6.04075845433349,15.461846750739255,209.8533804495347,18.858553871286308,0.4701525476857343,1,1.0698079159483314,0.017267934112188837,0.034652666679531124,0.00185756334989611,0.00014250062919606146,0.011937362740407173
1,3,3,9,7.086245104243629,7.69704114915656,21.440035919176104,239.39802584559854,27.431413756990413,0.6456949849437899,0,0.6020064998883754,0.03421594275147357,0.04518021227551444,0.02659093269442621,5.00034816023982e-05,0.007071313994046524
0,5,3,15,8.572743319242795,6.170104863543794,22.761349264663227,156.38519484237952,35.320673624750036,0.2054324969482226,0,0.8788385828956962,0.034105490800535855,0.044847756509327416,0.02040642708096573,5.303792145172919e-05,0.007282713879573272
1,3,5,15,7.1884412344796775,5.210110399904386,36.421581701343804,32.900935079439506,16.97446177633803,0.7264820279926892,0,0.9108131660614163,0.06684499557480607,0.10951136582466184,0.046009712259383766,0.00034088267525707035,0.018463008293803866
1,5,5,25,5.779855162441971,4.079065981164811,17.314355056187456,328.02058266482845,22.420129076115174,0.4548629182550318,0,1.6451405831612647,0.02973099211379809,0.053957552435050765,0.020238311125070785,5.078125945213511e-05,0.007126097070075253
1,3,5,15,6.974016073388948,5.861001959126096,24.99104615416195,318.5871509450116,23.414948387477047,0.496100595292645,1,0.9823340829461813,0.02073395552714595,0.046296751274402165,0.0019700389277287284,0.0002038931251211623,0.014279114997826803
0,4,5,20,7.083918039262706,7.714407468339695,37.13752180062076,187.72164870007683,12.396055176675231,0.42266776305807674,1,1.307990875095129,0.041592528535496574,0.08964013740721798,0.0034948086048995457,0.0007490523477484124,0.027368820722647375
0,4,5,20,6.691659716278567,5.344267571910968,26.053467597497367,322.32459209514093,33.32620666343925,0.6724322160513998,1,1.2007073340937495,0.03294027259318463,0.05822074820091797,0.002050343557735509,0.00042986589980919946,0.020733207658469047
1,3,4,12,5.241918043716038,7.5273041514174315,27.828040011100118,159.3163853333084,32.72628136019086,0.7617683728813561,0,0.7567697500344366,0.04931094406950085,0.07173012516789444,0.03366365295894684,0.00018231735961308552,0.01350249457000763
1,4,5,20,5.461915552060965,6.219597272531889,15.65739986325027,108.37658802035268,27.592093492054566,0.23370564640846342,0,1.295901957899332,0.033809153790562846,0.047680047562242076,0.01977948434168189,6.506825799048384e-05,0.008066489818408242
1,5,3,15,7.822203640377522,6.048355266879963,34.65521143573014,93.68517527468256,15.58222918894754,0.2962775685627359,1,0.9647247500251979,0.023404891664073894,0.05270303944513173,0.0023273436304403375,0.00030306336443594595,0.01740871518624927
0,4,3,12,7.73388319766859,7.602827743222031,39.794642705872874,160.63243955191572,38.20455864162416,0.20477864284727068,0,0.7522945827804506,0.05929744354088789,0.08394064280261002,0.04048193151423263,0.00021399147939084055,0.0146284476070033
1,5,4,20,6.677769074398363,5.784429875855551,25.61367476209308,298.2800152461893,37.625249691189,0.38467749900844744,0,1.2160427498165518,0.050726251468208305,0.06743262165605636,0.03225594821781734,9.317939627918839e-05,0.009652947543584207
0,3,4,12,5.772124743965274,6.528170767109794,43.233624376010205,315.4749959312322,13.589878690425643,0.4356384459628498,1,0.7478260002098978,0.0547562602101855,0.10334712509012658,0.0033981376282792206,0.0014463728534081426,0.038031208939608305
0,5,5,25,4.969315339684464,8.294083855840773,35.30822348990512,301.6470149466493,40.05674977723152,0.6490135121994439,1,1.6356484999414533,0.050317099163817984,0.08115862239853124,0.0027639380999587857,0.0009236780397864368,0.030392071989030902
0,4,3,12,4.801827030598716,7.368227087374539,20.37759767217842,249.82185258365647,18.035935626388902,0.270530780090132,1,0.749695457983762,0.012435582907263931,0.027720709647856237,0.0016644442293410218,8.299710857266836e-05,0.00911027489007156
0,3,4,12,6.6594453950375705,7.947160970975956,23.903600460595516,194.89305965661674,22.083048378449035,0.4485205553430982,0,0.781957000028342,0.04708490482622057,0.06574672746391959,0.03010030114141174,0.00012016519378697247,0.010961988587248778
1,5,4,20,4.607476955438827,7.173196282436902,32.46431422733396,42.62941410333548,17.416301565403817,0.3866014968396082,1,1.2718714580405504,0.03791082694192728,0.08970855637297029,0.002556613373110772,0.0008317770009232832,0.028840544393670575
0,5,4,20,5.338003994308537,5.678369165195298,37.48171358403477,205.88839338621625,44.518633518299055,0.44884149618048264,1,1.2807111251167953,0.04591182538977066,0.09357852423372257,0.003963127862414233,0.0011105532093579225,0.033324963756288205
1,3,5,15,7.3948924651902095,6.05932370208748,37.607838922372586,73.32016959816654,21.464325781304634,0.5280111530595734,1,0.9367037089541554,0.022122771706014666,0.053109184283439415,0.0010194451400917565,0.00027547455904869487,0.01659742627785088
1,3,5,15,4.576973210894587,7.028189446617057,18.516117170407004,121.39436720367074,14.999468768501615,0.6152441882146215,1,0.9415967499371618,0.019396509913493107,0.0370671776493764,0.0019317328703772375,0.00014301131189456304,0.011958733707820534
0,3,4,12,8.478373888093893,5.021581916994851,30.234151918763374,150.9377980197679,10.63434143660054,0.6756548681436878,1,0.7732037918176502,0.03239021710514395,0.06441669379167764,0.0034621171367205162,0.0005078505645342474,0.02253554003200827
0,3,5,15,6.80339147469475,7.142132283072935,35.65894887923627,91.17805806817744,10.349257183045728,0.6340661974129472,0,0.9758295419160277,0.04697000603787152,0.061056078813872525,0.027436295115943414,0.00011432108712218873,0.010692103961437558
1,3,3,9,8.106941814503472,8.216630838939416,29.552839799386206,120.10622250127163,37.70453709069795,0.470776467817553,1,0.5791079581249505,0.019758768460196533,0.040682190323857594,0.0024886739048326527,0.00023087776982773763,0.015194662544055977
0,4,3,12,8.412799383861737,6.33154878070085,17.270991819293624,139.61739237009525,38.12381808119112,0.7410644171277373,0,0.7882562081795186,0.029182928259539456,0.03726320969424836,0.021791442843973562,2.85572327035924e-05,0.005343896771419935
1,4,4,16,5.947024694894377,6.708804821337816,44.04197436152277,23.963302049120227,32.69113026082334,0.24446325354492027,0,0.923929583048448,0.09419473451084828,0.13731711644033043,0.05561051635176393,0.000504247318233679,0.02245545185993101
0,3,4,12,6.167361163778172,8.985911769514752,31.771778548398064,115.61837494894326,17.70389640666636,0.41031232057169714,0,0.7865568751003593,0.05129487249215118,0.06702172180252049,0.04014783990559151,6.032147072004519e-05,0.007766689817421911
1,5,5,25,5.847870997133866,6.321192598696125,36.68213256716414,236.42261449977886,34.8067979330204,0.20501820912611426,1,1.284603541949764,0.042752586557886066,0.08705765081277199,0.0032976375220469503,0.0007672252451104964,0.027698831114516303
1,4,3,12,5.866205781896169,7.159943401980946,17.86114806819176,37.32428906433954,11.703018228159966,0.5486090560250657,1,0.714070999994874,0.014945954869777752,0.038024442386277224,0.0014083744336918693,0.00018855625908500265,0.013731578899929995
1,4,3,12,6.6053659525419395,5.751014955453652,35.324202444704184,273.0606771299006,10.51198906071865,0.324345379861327,0,0.7406406248919666,0.051825735747317914,0.09094248500394998,0.028117030239137107,0.0003116021179722759,0.0176522553225438
0,5,5,25,7.31241973470804,5.734813298672792,26.722654569889112,57.12439452828657,19.0380856883156,0.5632470545045524,1,1.2380137080326676,0.0381531455463757,0.0697830563729532,0.001895742486672564,0.0006490863104097554,0.02547717233936599
